url,title,make,family,year,condition,price_npr,km,fuel,transmission,body_type,has_detail
https://hamrobazaar.com/detail/cars/hyundai-grand-i10-sportz-2019-full-option-in-ma-sh/F5702F4C-653F-454B-A97B-EE3B46E9DE6B,Hyundai grand i10 Sportz 2019 full option,Hyundai,Grand i10,2019.0,Like new,2350000.0,53000.0,Petrol,,Mid Size Hatchback,True
https://hamrobazaar.com/detail/cars/hyundai-i10-magna-2015-model-sale-in-ja-ur/23D00105-90C9-4C51-9D13-BEC31168F78B,Hyundai i10 magna 2015 model on sale,Hyundai,i10,2015.0,Like new,1575000.0,,,,Mid Size Hatchback,True
https://hamrobazaar.com/detail/cars/hyundai-i10-grand-magna-2023-in-me-ki/A7CE00ED-E86C-4D42-BA6E-9CB38518692E,Hyundai i10 Grand magna (2023),Hyundai,Grand i10,2023.0,Like new,3050000.0,,,,Others,True
https://hamrobazaar.com/detail/cars/hyundai-i10-sportz-2018-fix-prize-in-ch-an/1F5DE6B3-27C6-49D3-97D8-710CF8E9FD41,Hyundai i10 sportz-2018-(fix prize),Hyundai,i10,2018.0,Like new,2249999.0,,,,Small Hatchback,True
https://hamrobazaar.com/detail/cars/hyundai-i10-era-sale-wx-bike-in-au-du/A10D0128-C542-4348-ACC7-D4EB0B5CFB42,Hyundai i10 Era on sale or wx with bike,Hyundai,i10,2010.0,Brand new,1125000.0,,,,Small Hatchback,True
https://hamrobazaar.com/detail/cars/hyundai-grand-i10-magna-2017-in-br-du/5268888C-ED2A-4AB6-B3E8-09B8594A104C,Hyundai Grand I10 Magna 2017,Hyundai,Grand i10,2017.0,Like new,2225000.0,,,,Mid Size Hatchback,True
https://hamrobazaar.com/detail/cars/hyundai-i10-magna-2009-in-jo-du/4FCF1DE3-4FF3-491F-AEE1-11B3D65D0D24,Hyundai I10 Magna 2009,Hyundai,i10,2009.0,Brand new,1150000.0,,,,Small Hatchback,True
https://hamrobazaar.com/detail/cars/hyundai-i10-magna-1-2-2009-well-maintained-in-ka-du/B4B0A831-34E4-49C2-9703-356AF03B4EF0,Hyundai i10 Magna 1.2–2009 | Well Maintained,Hyundai,i10,2009.0,Used,1275000.0,,,Manual,Small Hatchback,True
https://hamrobazaar.com/detail/cars/hyundai-grand-i10-magna-2017-model-in-ga-du/B9400CDB-325F-4319-BF30-667C94EFD3D7,Hyundai Grand i10 Magna 2017 Model,Hyundai,Grand i10,2017.0,Like new,2225000.0,,,,Mid Size Hatchback,True
https://hamrobazaar.com/detail/cars/hyundai-i10-sportz-full-option-in-sr-du/A7F12F95-8E0A-4C3E-AFED-D44F5CD6D365,Hyundai I10 Sportz full option,Hyundai,i10,2010.0,Like new,1350000.0,,,,Mid Size Hatchback,True
https://hamrobazaar.com/detail/cars/hyundai-grand-i10-asta-urgent-sale-in-ni-du/A1FAEF2B-9B62-4BB2-9967-3C54D75573EE,Hyundai Grand i10 Asta on urgent sale,Hyundai,Grand i10,2016.0,Like new,2350000.0,,,,Mid Size Hatchback,True
https://hamrobazaar.com/detail/cars/hyundai-i10-sportz-o-2012-in-dm-pa/2CE3E6C9-1D91-418B-9C73-B5908F154895,Hyundai I10 sportz O 2012,Hyundai,i10,2012.0,Used,1550000.0,,,,Small Hatchback,True
https://hamrobazaar.com/detail/cars/hyundai-grand-i10-nios-sport-2022-model-sale-in-dn-du/F32A17C7-0D2A-47F3-87BF-8C8B2205629E,Hyundai Grand i10 NIOS Sport 2022 model for sale,Hyundai,Grand i10,2022.0,Like new,3000000.0,,,,Small Hatchback,True
https://hamrobazaar.com/detail/cars/hyundai-i10-magna-2018-in-ba-ok/36D7968C-489C-4849-BE68-11BECA7183F7,Hyundai i10 magna 2018,Hyundai,i10,2018.0,Used,2250000.0,,,,Small Hatchback,True
https://hamrobazaar.com/detail/cars/hyundai-i10-2009-model-sale-in-st-du/44E6FF7C-812E-4417-B86F-BFA9D33288A1,Hyundai i10 2009 model for sale,Hyundai,i10,2009.0,Like new,1250000.0,,,,Mid Size Hatchback,True
https://hamrobazaar.com/detail/cars/hyundai-grand-i10-asta-in-br-du/253C1DF4-449A-4564-86B1-D8F192CC9CE4,Hyundai Grand i10 asta,Hyundai,Grand i10,2015.0,Like new,2125000.0,,,,Small Hatchback,True
https://hamrobazaar.com/detail/cars/2010-model-hyundai-i10-sportz-in-ka-du/87DB43B7-546E-4387-9444-B2D3F49CCB48,2010 Model Hyundai i10 sportz,Hyundai,i10,2010.0,Used,1300000.0,,,,Mid Size Hatchback,True
https://hamrobazaar.com/detail/cars/hyundai-i10-magna-2010-model-in-ch-du/ED762988-7466-450A-834A-E9D23443B432,Hyundai i10 magna 2010 model,Hyundai,i10,2010.0,Like new,1290000.0,,,,Mid Size Hatchback,True
https://hamrobazaar.com/detail/cars/hyundai-i10-magna-2009-sale-kathmandu-in-la-du/43C60625-F96F-42E4-9F2E-1B99BC5F2B50,Hyundai i10 Magna 2009 for sale in Kathmandu.,Hyundai,i10,2009.0,Used,1100000.0,,,,Small Hatchback,True
https://hamrobazaar.com/detail/cars/hyundai-i10-in-pa-ur/017ECA47-350E-4E50-934D-FC52A82E2BF9,Hyundai i10,Hyundai,i10,2008.0,Like new,1090000.0,,,,Mid Size Hatchback,True
https://hamrobazaar.com/detail/cars/hyundai-i10-sports-1-2-2013-in-ba-du/036E0E9D-27C1-46F1-BC9F-1974CF3E76EA,Hyundai I10 Sports 1.2 2013,Hyundai,i10,2013.0,Like new,1675000.0,,Petrol,,Small Hatchback,True
https://hamrobazaar.com/detail/cars/hyundai-grand-i10-asta-single-hand-in-ba-du/E4F6FB7F-9692-4B57-BE08-FE2A199D7E30,Hyundai Grand i10 ASTA (Single Hand),Hyundai,Grand i10,2015.0,Like new,2075000.0,,Petrol,,Small Hatchback,True
https://hamrobazaar.com/detail/cars/2016-hyundai-i10-magna-1-1-only-32-000-km-in-ha-du/20808F0C-F61D-4B26-B391-296EC7448368,"2016 Hyundai i10 Magna 1.1 | ONLY 32,000 KM",Hyundai,i10,2016.0,Like new,18500000.0,32000.0,,,Small Hatchback,True
https://hamrobazaar.com/detail/cars/hyundai-i10-sportz-in-ka-ur/C3767AEA-C010-4BC8-A434-81FDB6647DE6,Hyundai i10 Sportz,Hyundai,i10,2011.0,Used,1550000.0,,,,Small Hatchback,True
https://hamrobazaar.com/detail/cars/i10-hyundai-car-in-ne-du/656A8E1B-67F8-4C75-BC47-22CFE2DA0B04,I10 Hyundai Car,Hyundai,i10,2009.0,Like new,1250000.0,,,,Small Hatchback,True
https://hamrobazaar.com/detail/cars/hyundai-grand-i10-magna-2017-sale-in-xi-er/3B2CA8E6-DAD4-4A0C-A833-AD4330B95DB4,Hyundai Grand i10 Magna 2017 For Sale,Hyundai,Grand i10,2017.0,Like new,2200000.0,,,,Small Hatchback,True
https://hamrobazaar.com/detail/cars/hyundai-i10-magna-2008-model-sell-in-ne-ur/C9C0A378-918E-48A6-9F82-7B1540816CDF,Hyundai i10 magna 2008 model on sell,Hyundai,i10,2008.0,Like new,1025000.0,,,,Mid Size Hatchback,True
https://hamrobazaar.com/detail/cars/hyundai-grand-i10-sportz-o-top-variant-in-bh-du/A0FC3147-9951-4FAE-A514-AAC48FB53C2C,Hyundai Grand I10 sportz “O” Top Variant,Hyundai,Grand i10,2017.0,Like new,2250000.0,48000.0,,,Mid Size Hatchback,True
https://hamrobazaar.com/detail/cars/hyundai-grand-i10-sports-in-la-ur/B20B3BAA-D0EF-4419-9E52-FAB129EAAA15,hyundai grand i10 sports,Hyundai,Grand i10,2014.0,Like new,1800000.0,,,,Mid Size Hatchback,True
https://hamrobazaar.com/detail/cars/hyundai-grand-i10-spotrz0-2017-model-sale-in-in-d/55A0ACCF-68CC-4229-962D-448C9B25E005,Hyundai Grand i10 Spotrz0 2017 model sale,Hyundai,Grand i10,2017.0,Like new,2250000.0,,,,Mid Size Hatchback,True
https://hamrobazaar.com/detail/cars/hyundai-i10-in-ex-ur/4EE15A99-A9AB-426F-8954-5F60DEAB43EF,Hyundai I10,Hyundai,i10,2016.0,Like new,1800000.0,,,,Mid Size Hatchback,True
https://hamrobazaar.com/detail/cars/urgent-sale-hyundai-i10-magna-in-to-du/D08ED775-AC9B-46F8-AB77-2B9E0F48F018,Urgent Sale (Hyundai i10 Magna),Hyundai,i10,2013.0,Like new,1575000.0,,,,Mid Size Hatchback,True
https://hamrobazaar.com/detail/cars/hyundai-grand-i10-asta-2015-in-si-du/2A3C1A46-5BD8-48DC-B389-CEF92679CEAC,Hyundai Grand i10 Asta 2015,Hyundai,Grand i10,2015.0,Like new,2150000.0,,,,Mid Size Hatchback,True
https://hamrobazaar.com/detail/cars/hyundai-grand-i10-sale-in-ne-du/0FF30FDE-F875-4269-BC62-13FA9EA3389C,Hyundai Grand i10 for sale,Hyundai,Grand i10,2015.0,Used,1850000.0,2015.0,,,Mid Size Hatchback,True
https://hamrobazaar.com/detail/cars/hyundai-grand-magna-i10-2024-model-in-ha-du/C1899F3E-7144-4CB4-80B1-3C96B2B1FAA1,"Hyundai Grand Magna I10,2024 Model",Hyundai,i10,2024.0,Like new,3700000.0,,,Automatic,Small Hatchback,True
https://hamrobazaar.com/detail/cars/hyundai-i10-magna-in-na-du/572EAEBB-A144-4E5E-B5F4-2A94AB519164,Hyundai i10 magna,Hyundai,i10,2015.0,Like new,1650000.0,,,,Small Hatchback,True
https://hamrobazaar.com/detail/cars/hyundai-i10-magna-1-2-new-shape-2010-model-sale-in-di-du/1299838F-371F-4D00-A4F6-DD9998081A25,Hyundai i10 magna 1.2 new shape 2010 model on sale,Hyundai,i10,2010.0,Like new,1299999.0,,,,Mid Size Hatchback,True
https://hamrobazaar.com/detail/cars/hyundai-i10-magna-red-in-sa-du/9223BCCA-6CA3-4972-9A4B-9C3D9203E7D7,"Hyundai I10 magna ""RED""",Hyundai,i10,2010.0,Used,1325000.0,87000.0,,,Small Hatchback,True
https://hamrobazaar.com/detail/cars/hyundai-grand-i10-sale-in-la-ur/86FDB48D-CF2D-42A0-9FA0-2BF337D47C40,Hyundai Grand I10 for sale,Hyundai,Grand i10,2014.0,Used,2250000.0,,,,Mid Size Hatchback,True
https://hamrobazaar.com/detail/cars/hyundai-i10-magna-2011-in-la-du/7FE6F993-7438-4987-8225-03D85710F9F6,hyundai i10 magna 2011,Hyundai,i10,2011.0,Like new,1249000.0,,,,Mid Size Hatchback,True
https://hamrobazaar.com/detail/cars/hyundai-grand-i10-asta-in-al-du/E30C2AB6-5E4B-4558-A001-AEB48F1308C7,Hyundai Grand i10 Asta,Hyundai,Grand i10,2014.0,Used,1925000.0,,,,Mid Size Hatchback,True
https://hamrobazaar.com/detail/cars/hyundai-grand-i10-magna-in-th-ur/171441BE-0D5A-4E5B-8CA7-47AEAFB608DC,Hyundai Grand i10 Magna,Hyundai,Grand i10,2017.0,Like new,2195000.0,,,,Mid Size Hatchback,True
https://hamrobazaar.com/detail/cars/hyundai-grand-i10-in-sa-du/D9CCD938-5B8F-439F-8B10-EB6CBB8B1944,Hyundai Grand I10,Hyundai,Grand i10,2017.0,Used,2075000.0,,,,Mid Size Hatchback,True
https://hamrobazaar.com/detail/cars/hyundai-i10-magna-in-si-du/23756A8D-05DE-4419-8EA4-371DF09B4350,Hyundai i10 Magna,Hyundai,i10,2013.0,Like new,1675000.0,,,,Small Hatchback,True
https://hamrobazaar.com/detail/cars/well-maintained-fresh-hyundai-i10-era-sale-in-sh-ur/83656F70-D89B-47A5-A20F-CEC7B6850EF9,Well maintained fresh Hyundai i10 era on sale.,Hyundai,i10,2009.0,Used,1000000.0,,,,Small Hatchback,True
https://hamrobazaar.com/detail/cars/hyundai-grand-i10-magna-2018-sale-in-su-sh/870444EC-71AE-4946-AF24-E7540A332DB4,Hyundai Grand i10 Magna 2018 For Sale,Hyundai,Grand i10,2018.0,Used,2325000.0,,,,Small Hatchback,True
https://hamrobazaar.com/detail/cars/hyundai-i10-magna-2009-in-ba-ok/4EDACCF3-D33D-42BB-A230-21BDDCF28567,Hyundai i10 magna 2009,Hyundai,i10,2009.0,Like new,1190000.0,,,,Small Hatchback,True
https://hamrobazaar.com/detail/cars/hyundai-i10-magna-2010-model-sale-in-ba-ok/539407EA-C437-4CC1-A17D-30A020DE8FB3,HYUNDAI i10 Magna 2010 Model on Sale,Hyundai,i10,2010.0,Used,1250000.0,,,,Small Hatchback,True
https://hamrobazaar.com/detail/cars/hyundai-i10-in-bh-hi/C98DFDB3-86D9-4FBA-B932-62473BC98854,Hyundai i10,Hyundai,i10,2012.0,Used,1200000.0,,,,Small Hatchback,True
https://hamrobazaar.com/detail/cars/hyundai-i10-magna-sale-single-handed-in-jw-ur/8F96C1AB-5C79-48C0-B075-0CE894DC545F,Hyundai i10 Magna for sale-Single handed,Hyundai,i10,2012.0,Like new,1888888.0,,,,Compact SUV,True
https://hamrobazaar.com/detail/cars/hyundai-grand-i10-magna-sale-in-gr-ur/F3C470EF-A8C2-4FC8-9F46-884DDAD328AE,Hyundai Grand i10 magna on sale,Hyundai,Grand i10,2019.0,Like new,2350000.0,,,,Mid Size Hatchback,True
https://hamrobazaar.com/detail/cars/hyundai-i10-sportz-2010-in-sh-du/0D51501A-D047-4D94-8329-350BB7675E93,Hyundai I10 Sportz 2010,Hyundai,i10,2010.0,Like new,1199999.0,,,,,True
https://hamrobazaar.com/detail/cars/hyundai-i10-in-ne-du/67167350-F36C-48C9-9B99-BD04245048CE,Hyundai i10,Hyundai,i10,2010.0,Used,1350000.0,,,,Mid Size Hatchback,True
https://hamrobazaar.com/detail/cars/hyundai-i10-magna-sale-in-tr-du/620B7E42-7D88-4300-8074-8045EC00CAEF,Hyundai I10 Magna on Sale,Hyundai,i10,2010.0,Used,1250000.0,,,,Small Hatchback,True
https://hamrobazaar.com/detail/cars/hyundai-i10-magna-sale-in-bu-du/F1B8CB11-93C5-6CF8-AEA4-98083DBF2F87,Hyundai i10 Magna – For Sale,Hyundai,i10,2008.0,Used,14000000.0,,petrol,,Mid Size Hatchback,True
https://hamrobazaar.com/detail/cars/hyundai-i10-megna-in-ne-sh/1D1ED7A4-DC44-4909-A237-3ABE65DB5D0B,Hyundai I10 Megna,Hyundai,i10,,Like new,1200000.0,,,,,True
https://hamrobazaar.com/detail/cars/hyundai-grand-i10-asta-2014-excellent-condition-in-jh-ur/AB624C7A-B304-E77E-A558-97676443ADC4,Hyundai Grand I10 Asta 2014 Excellent Condition,Hyundai,Grand i10,2014.0,Used,1775000.0,,,,Small Hatchback,True
https://hamrobazaar.com/detail/cars/hyundai-i10-megna-in-as-sh/22992987-348D-76D0-F06D-EDECC91D60BD,Hyundai I10 Megna,Hyundai,i10,2009.0,Like new,1300000.0,71000.0,petrol,Manual,Mid Size Hatchback,True
https://hamrobazaar.com/detail/cars/hyundai-i10-magna-2010-excellent-family-car-in-cr-du/44805736-4552-0D37-9730-5DAE875695D8,Hyundai i10 Magna (2010) - Excellent Family Car,Hyundai,i10,2010.0,Used,1275000.0,81000.0,,,Small Hatchback,True
https://hamrobazaar.com/detail/cars/hyundai-i10-magna-1-2-sale-in-bh-du/AAC98A06-1982-29DE-0F76-8D54445415C3,Hyundai i10 Magna 1.2 for sale,Hyundai,i10,2010.0,Like new,1375000.0,66000.0,petrol,,Mid Size Hatchback,True
https://hamrobazaar.com/detail/cars/hyundai-i10-magna-well-condition-km-c-in-ge-ok/FABE17C5-12B5-433A-88F3-6B1DA73D7A71,Hyundai I10 magna Well condition Km 67210 1086c,Hyundai,i10,2015.0,Used,1650000.0,67210.0,Petrol,,Others,True
https://hamrobazaar.com/detail/cars/hyundai-grand-i10-sale-in-ka-du/29B4C30A-2A2B-4B20-B6BC-3039BDB34CF7,hyundai Grand i10 on sale,Hyundai,Grand i10,2014.0,Used,1730000.0,,,,Small Hatchback,True
https://hamrobazaar.com/detail/cars/hyundai-i20-asta-automatic-2010-in-ka-du/43567156-655D-4FA6-BAA9-930BE79650F8,Hyundai i20 Asta Automatic 2010,Hyundai,i20,2010.0,Used,1575000.0,57100.0,,Automatic,Small Hatchback,True
https://hamrobazaar.com/detail/cars/hyundai-i20-asta-full-option-car-in-su-ur/D12BC0C5-2C2A-4799-AC75-4D6A0F8B18A1,HYUNDAI I20 ASTA FULL OPTION CAR,Hyundai,i20,2010.0,Like new,1360000.0,,,,Small Hatchback,True
https://hamrobazaar.com/detail/cars/hyundai-i20-active-s-2017-in-na-du/58A6C6A3-D130-4CE3-ACC0-22BE735037FB,Hyundai i20 active s 2017,Hyundai,i20,2017.0,Like new,2555555.0,,,,Compact SUV,True
https://hamrobazaar.com/detail/cars/hyundai-i20-magna-in-ha-du/9A64016D-084B-4B16-8054-64D36CA77C56,Hyundai i20 Magna,Hyundai,i20,2016.0,Used,2300000.0,,,,Mid Size Hatchback,True
https://hamrobazaar.com/detail/cars/hyundai-i20-active-s-2018-in-jh-ur/2FC00544-BE38-4630-B220-E276365644B4,Hyundai i20 Active s 2018,Hyundai,i20,2018.0,Like new,2880000.0,,,,Compact SUV,True
https://hamrobazaar.com/detail/cars/hyundai-i20-active-s-in-ek-sh/33F05525-89B9-4C07-B1FA-DA2A27465381,Hyundai i20 Active S,Hyundai,i20,2018.0,Like new,2850000.0,,,,Mid Size Hatchback,True
https://hamrobazaar.com/detail/cars/hyundai-i20-in-bh-ur/433D1D43-AC87-48B8-AE57-FEEC1F8E7B4B,Hyundai i20,Hyundai,i20,2011.0,Used,1500000.0,,,,SUV / Jeep,True
https://hamrobazaar.com/detail/cars/hyundai-i20-active-s-2018-single-hand-in-ba-du/8A68F7F2-078E-4135-9C31-D98FA6B434A7,Hyundai I20 Active S 2018 (Single Hand),Hyundai,i20,2018.0,Like new,2975000.0,,Petrol,,Small Hatchback,True
https://hamrobazaar.com/detail/cars/hyundai-i20-2013-in-im-ur/0350CBF4-FC63-4449-868A-8552B37BF433,Hyundai i20 - 2013,Hyundai,i20,2013.0,Used,1550000.0,,,,Mid Size Hatchback,True
https://hamrobazaar.com/detail/cars/hyundai-i20-magna-2016-model-in-po-ra/C68A4E9B-75CF-43B9-82CE-9ADAF2513555,Hyundai i20 magna 2016 model,Hyundai,i20,2016.0,Used,2100000.0,,,,Mid Size Hatchback,True
https://hamrobazaar.com/detail/cars/hyundai-i20-magna-plus-2019-single-hand-in-re-ur/2FCCFD9F-0F80-47B4-8B3B-6977AB064398,Hyundai I20 Magna Plus 2019 Single Hand,Hyundai,i20,2019.0,Like new,2390000.0,,,,Small Hatchback,True
https://hamrobazaar.com/detail/cars/single-handed-hyundai-i20-era-1-2-in-ka-du/F3D89552-30D5-41A1-B800-5B526962C103,Single handed Hyundai I20 era 1.2,Hyundai,i20,2009.0,Used,1225000.0,,,,Mid Size Hatchback,True
https://hamrobazaar.com/detail/cars/hyundai-i20-asta-full-option-car-in-f0-ur/1589EE85-D776-45CA-949B-E2AAFF094171,Hyundai i20 Asta Full option car.,Hyundai,i20,2009.0,Used,1200000.0,,,,Mid Size Hatchback,True
https://hamrobazaar.com/detail/cars/hyundai-i20-active-s-2017-sale-exchange-in-mr-ur/D57B12DD-6167-4475-9747-3FC47116C69D,Hyundai i20 Active S 2017 For Sale & Exchange,Hyundai,i20,2017.0,Used,2550000.0,,Petrol,Manual,Compact SUV,True
https://hamrobazaar.com/detail/cars/hyundai-i20-asta-2013-twilight-blue-sale-in-sa-ur/6A094352-5C5D-425C-9741-6BC87EDD379B,Hyundai i20 Asta 2013 Twilight Blue For Sale,Hyundai,i20,2013.0,Like new,2175000.0,,,,Small Hatchback,True
https://hamrobazaar.com/detail/cars/hyundai-i20-asta-2010-in-%E0%A4%AC%E0%A4%BF-du/FCB5BF31-75A8-415B-990D-FC4A3F92DD99,HYUNDAI i20 Asta (2010),Hyundai,i20,2010.0,Used,1399999.0,85000.0,Petrol,manual,Mid Size Hatchback,True
https://hamrobazaar.com/detail/cars/hyundai-i20-2014-sportz-1-2-top-mode-in-ba-du/2B8C0EFF-2488-414F-A504-9981108FF9EB,Hyundai i20 [2014] Sportz 1.2 is the top mode,Hyundai,i20,2014.0,Used,2100000.0,,Petrol,,Mid Size Hatchback,True
https://hamrobazaar.com/detail/cars/hyundai-i20-active-s-2016-in-sw-du/782C74E9-79EF-4621-A586-8005BCBA6790,Hyundai i20 Active S 2016,Hyundai,i20,2016.0,Brand new,2325000.0,,,,Compact SUV,True
https://hamrobazaar.com/detail/cars/hyundai-i20-active-2018-s-urgent-sale-2-day-offer-in-jh-rg/3EAE2FCA-F67B-4121-A3EC-B6EE26B6E80B,Hyundai i20 active 2018 s urgent sale(2 day offer),Hyundai,i20,2018.0,Like new,2850000.0,,,,Compact SUV,True
https://hamrobazaar.com/detail/cars/hyundai-i20-magna-in-wa-du/3ECB3B72-BD51-4BD7-849F-7A0CAB3A73FA,Hyundai i20 magna,Hyundai,i20,2010.0,Used,1280000.0,,,,Mid Size Hatchback,True
https://hamrobazaar.com/detail/cars/hyundai-i20-magna-2010-in-s-ur/89B5432C-A8B5-4094-BF40-BFD53F5EED75,Hyundai i20 magna 2010,Hyundai,i20,2010.0,Used,1275000.0,,,,Mid Size Hatchback,True
https://hamrobazaar.com/detail/cars/hyundai-i20-sell-in-bh-sh/291F0D66-7F3F-557C-435E-C9887665374D,hyundai i20 for sell,Hyundai,i20,,Used,1375000.0,,,,,True
https://hamrobazaar.com/detail/cars/hyundai-i20-asta-in-so-du/AA8B15B8-C780-8408-9B96-5681D7259DF7,Hyundai I20 Asta,Hyundai,i20,2009.0,Used,1450000.0,82000.0,Petrol,,Small Hatchback,True
https://hamrobazaar.com/detail/cars/hyundai-i20-active-s-2019-in-ba-ki/8EF73555-2599-424A-38EC-8E190618F71E,Hyundai I20 Active S 2019,Hyundai,i20,2019.0,Like new,3000000.0,,,,Compact SUV,True
https://hamrobazaar.com/detail/cars/hyundai-i20-active-2016-in-ku-ur/8A3BB369-459C-F193-B1F2-BC1A7C819B4E,Hyundai i20 Active 2016,Hyundai,i20,2016.0,Used,2350000.0,57000.0,,,Compact SUV,True
https://hamrobazaar.com/detail/cars/hyundai-i20-active-2019-model-single-hand-sale-in-ch-du/9A9B31CA-60FB-9A15-781B-DE6F45DFD6D9,Hyundai I20 Active 2019 Model Single Hand On Sale,Hyundai,i20,2019.0,Used,3050000.0,45000.0,,,Compact SUV,True
https://hamrobazaar.com/detail/cars/hyundai-i20-asta-in-ch-du/EC05A333-BCB1-02AD-A0F5-E6A9DC03516F,Hyundai I20 asta,Hyundai,i20,2009.0,Used,1350000.0,,,automatic,Mid Size Hatchback,True
https://hamrobazaar.com/detail/cars/hyundai-i20-magna-2010-model-sale-in-al-du/0B0F4391-F5D7-0C2B-3ABA-1B0B55864CA1,Hyundai i20 Magna 2010 model for SALE!,Hyundai,i20,2010.0,Used,1300000.0,,,,,True
https://hamrobazaar.com/detail/cars/hyundai-santro-xing-gl-plus-2013-in-bh-ur/D9353445-2343-6019-B476-4C2BB95E1174,🚗 FOR SALE – Hyundai Santro Xing GL Plus (2013),Hyundai,Santro,2013.0,Like new,1475000.0,6428.0,Petrol,Manual,Small Hatchback,True
https://hamrobazaar.com/detail/cars/hyundai-santro-compact-family-hatchback-sale-in-pi-du/60493035-10C4-4635-8A4F-4E5887B9FBC7,"Hyundai Santro,compact family hatchback for sale .",Hyundai,Santro,2011.0,Like new,1149999.0,,,manual,Small Hatchback,True
https://hamrobazaar.com/detail/cars/hyundai-santro-sportz-2019-single-hand-in-ka-du/3FD02627-54FF-4ED3-B230-C576EFB7269E,Hyundai Santro Sportz 2019 - Single Hand,Hyundai,Santro,2019.0,Like new,2050000.0,67000.0,Petrol,Manual,Small Hatchback,True
https://hamrobazaar.com/detail/cars/hyundai-santro-2005-full-option-alloy-wheels-in-bu-du/D2CBB120-D92B-498A-BF79-655B6C0F4448,Hyundai Santro 2005 full Option with alloy wheels,Hyundai,Santro,2005.0,Like new,775000.0,,,,Small Hatchback,True
https://hamrobazaar.com/detail/cars/hyundai-santro-magna-1-1-2019-single-hand-in-jh-ur/38F8576E-342A-D366-6EDF-CD64BA63995E,Hyundai Santro Magna 1.1 2019 Single Hand,Hyundai,Santro,2019.0,Used,1775000.0,,,,Small Hatchback,True
https://hamrobazaar.com/detail/cars/hyundai-santro-2009-in-ka-sh/D4A45547-C4C2-B224-A376-695D9A8D4AA6,hyundai santro 2009,Hyundai,Santro,2009.0,Used,1000000.0,83000.0,,,Small Hatchback,True
https://hamrobazaar.com/detail/cars/hyundai-santro-xing-gls-2010-excellent-condition-in-re-ur/60F70B1E-7F17-480F-8247-F7E233668C2B,Hyundai Santro Xing GLS 2010 Excellent Condition,Hyundai,Santro,2010.0,Used,1150000.0,,,,Small Hatchback,True
https://hamrobazaar.com/detail/cars/hyundai-santro-sports-2021-sale-in-sh-du/7AECE8B6-09F5-4441-A023-06938EDC2BF0,Hyundai santro sports 2021 on sale,Hyundai,Santro,2021.0,Like new,2300000.0,,,,Mid Size Hatchback,True
https://hamrobazaar.com/detail/cars/hyundai-santro-in-ta-tu/F9BCA6A7-B52F-443B-8D88-834C5F7B733D,Hyundai Santro,Hyundai,Santro,2019.0,Like new,2100000.0,,Petrol,,Small Hatchback,True
https://hamrobazaar.com/detail/cars/hyundai-santro-in-ba-du/3BA2D094-9D28-4436-97FF-3BC2C79C155A,Hyundai SANTRO,Hyundai,Santro,2007.0,Used,850000.0,71000.0,,,Small Hatchback,True
https://hamrobazaar.com/detail/cars/hyundai-santro-in-ba-du/BE356985-9F49-43D3-808A-498E0C6522B3,HYUNDAI SANTRO,Hyundai,Santro,2009.0,Used,1300000.0,,,,Sedan,True
https://hamrobazaar.com/detail/cars/hyundai-santro-2007-in-xi-er/4E67FF4C-6B4D-41F3-860C-FDE0953F3798,Hyundai santro 2007,Hyundai,Santro,2007.0,Like new,950000.0,,,,Small Hatchback,True
https://hamrobazaar.com/detail/cars/hyundai-santro-xing-2010-in-pa-my/A94004D5-327C-46AD-B622-656097524040,Hyundai Santro xing 2010,Hyundai,Santro,2010.0,Like new,1130000.0,,,,Small Hatchback,True
https://hamrobazaar.com/detail/cars/2007-hyundai-santro-full-option-in-th-du/C6EFCA55-C2AF-40F0-A73D-284F311A5979,2007 Hyundai Santro Full Option,Hyundai,Santro,2007.0,Used,925000.0,,,,Small Hatchback,True
https://hamrobazaar.com/detail/cars/hyundai-santro-2019-automatic-in-ka-du/8D9E0D09-E662-4195-BFAB-ABF14E8950FA,Hyundai Santro 2019 Automatic,Hyundai,Santro,2019.0,Like new,2200000.0,,,Automatic,Small Hatchback,True
https://hamrobazaar.com/detail/cars/hyundai-santro-sale-%EF%B8%8F-in-sh-du/6C44C67A-A17F-447F-9A72-92D9FD599BD4,Hyundai santro for sale ‼️,Hyundai,Santro,2010.0,Used,1175000.0,,,,Small Hatchback,True
https://hamrobazaar.com/detail/cars/hyundai-santro-xing-sale-in-ba-du/F2B3778F-F5B6-4D3B-BDF3-9F5CE99A0760,Hyundai Santro Xing on sale,Hyundai,Santro,2008.0,Like new,1075000.0,,Petrol,,Small Hatchback,True
https://hamrobazaar.com/detail/cars/hyundai-santro-car-sale-full-option-in-kh-sh/19AEF7F4-B23E-C98B-F80D-56FAEE01B018,Hyundai santro car sale full option,Hyundai,Santro,2007.0,Brand new,850000.0,,,,Small Hatchback,True
https://hamrobazaar.com/detail/cars/hyundai-santro-2010-in-la-ur/906DF812-305F-4794-B688-183A83D72ACC,Hyundai Santro 2010,Hyundai,Santro,2010.0,Used,1200000.0,2010.0,,,Small Hatchback,True
https://hamrobazaar.com/detail/cars/hyundai-santro-in-sa-du/27F719C3-0849-4B46-A57E-9CFF3BC6CDF6,Hyundai Santro,Hyundai,Santro,2007.0,Used,950000.0,,,,Compact SUV,True
https://hamrobazaar.com/detail/cars/hyundai-santro-2008-in-mu-du/B72B17DA-2730-41BA-8D1D-98A376D9E0E5,Hyundai Santro 2008,Hyundai,Santro,2008.0,Like new,920000.0,,,,Small Hatchback,True
https://hamrobazaar.com/detail/cars/hyundai-santro-in-xi-er/B684E3A4-89B0-4C3F-9FE2-6A0B7F410880,HYUNDAI SANTRO,Hyundai,Santro,,Like new,310000.0,,,,,True
https://hamrobazaar.com/detail/cars/hyundai-santro-2014-model-sale-in-na-sh/F9BC6745-81F2-42E3-AE34-91B357EAE3EB,Hyundai santro 2014 model on sale,Hyundai,Santro,2014.0,Like new,1450000.0,,,,,True
https://hamrobazaar.com/detail/cars/hyundai-santro-sports-2021-personally-owned-car-in-go-sh/D6AB9681-D0EA-42D1-B024-096CDB1ADB37,Hyundai Santro Sports 2021 Personally Owned Car,Hyundai,Santro,2021.0,Used,2300000.0,,,,Small Hatchback,True
https://hamrobazaar.com/detail/cars/likenew-2019-hyundai-santro-60-finance-26000-km-in-ka-ur/A0BC1D6D-30D1-4A68-9E0C-6710F1C372E0,likenew 2019 hyundai santro 60% finance 26000 km,Hyundai,Santro,2019.0,Like new,1960000.0,26000.0,,,Mid Size Hatchback,True
https://hamrobazaar.com/detail/cars/hyundai-creta-sale-in-ga-ur/0F01F04B-4046-4E9C-B977-13ED5BEBD36B,Hyundai creta for sale,Hyundai,Creta,2016.0,Like new,2850000.0,43000.0,Petrol,,Compact SUV,True
https://hamrobazaar.com/detail/cars/hyundai-creta-2025-urgent-sell-xchange-in-gw-ad/45F35100-66E6-47CA-A3E5-67456B8D70CB,HYundai Creta 2025 urgent sell or XCHANGE,Hyundai,Creta,2025.0,Like new,6125000.0,,,,,True
https://hamrobazaar.com/detail/cars/hyundai-creta-sx-in-ek-sh/23255B0B-B171-4F52-A83D-D3045398648E,Hyundai Creta SX,Hyundai,Creta,,Like new,5199000.0,,,,,True
https://hamrobazaar.com/detail/cars/hyundai-creta-sx-2021-model-sale-in-dn-du/71C6D13A-08C2-443A-AFB9-C8C03B28736C,Hyundai Creta Sx 2021 model for sale,Hyundai,Creta,2021.0,Used,5300000.0,,,,Compact SUV,True
https://hamrobazaar.com/detail/cars/hyundai-creta-2016-sx-o-sale-in-%E0%A4%97%E0%A5%8B-%E0%A5%8D%E0%A4%AA/6D548737-02CF-4056-B9C9-0EF784BCF895,Hyundai creta 2016 SX (o) for sale,Hyundai,Creta,2016.0,Used,3200000.0,,Diesel,,Compact SUV,True
https://hamrobazaar.com/detail/cars/hyundai-creta-in-ka-du/880CC43F-26CB-46C3-939D-B3D0E27BF4E3,Hyundai creta,Hyundai,Creta,2020.0,Like new,4275000.0,,,,SUV / Jeep,True
https://hamrobazaar.com/detail/cars/hyundai-creta-in-bi-du/385399A4-D7C8-4AD3-9E6E-313CDD3BA6C0,Hyundai creta,Hyundai,Creta,,Like new,3300000.0,,,,,True
https://hamrobazaar.com/detail/cars/hyundai-creta-2020-sale-in-ku-re/63ACB5F8-C9F5-4DA1-A450-935E0A8C6978,Hyundai Creta 2020 on sale,Hyundai,Creta,2020.0,Used,4400000.0,,,manual,Compact SUV,True
https://hamrobazaar.com/detail/cars/2020-model-hyundai-creta-sx-automatic-in-bh-an/81EE5492-7765-4BBA-94B7-CF8350AC72D8,For sale 2020 model Hyundai Creta Sx automatic,Hyundai,Creta,2020.0,Used,5150000.0,,,automatic,Compact SUV,True
https://hamrobazaar.com/detail/cars/hyundai-creta-e-sale-in-xi-er/4AED2837-0DB6-40D1-A5BE-30F1EE76B628,Hyundai creta E+ For sale,Hyundai,Creta,2016.0,Like new,3050000.0,43000.0,,,SUV / Jeep,True
https://hamrobazaar.com/detail/cars/hyundai-creta-2020-s-sell-in-lo-ur/106FB3CF-7CEB-4573-B6A3-3D0563D03F1D,Hyundai Creta 2020 S On SELL,Hyundai,Creta,2020.0,Like new,4490000.0,46000.0,,,SUV / Jeep,True
https://hamrobazaar.com/detail/cars/hyundai-creta-2015-single-handed-well-maintaine-in-pe-du/CC73B624-9BCE-46CB-AB8E-8AA0A172D785,Hyundai Creta 2015– Single Handed & Well Maintaine,Hyundai,Creta,2015.0,Used,2990000.0,137000.0,petrol,,SUV / Jeep,True
https://hamrobazaar.com/detail/cars/hyundai-creta-2021-automatic-urgent-sale-in-ka-sh/79637AC5-5F27-407E-B599-8791A9D6CC48,HYUNDAI CRETA 2021 | AUTOMATIC | URGENT FOR SALE,Hyundai,Creta,2021.0,Used,5600000.0,,,AUTOMATIC,Compact SUV,True
https://hamrobazaar.com/detail/cars/hyundai-creta-sx-2021-manual-single-owner-in-ka-du/551A12F7-9026-47EA-953C-69B757AEEC47,HYUNDAI CRETA SX 2021 MANUAL SINGLE OWNER,Hyundai,Creta,2021.0,Like new,5110000.0,,,MANUAL,Compact SUV,True
https://hamrobazaar.com/detail/cars/hyundai-creta-1-5-s-in-gr-du/1856DC15-191A-4D88-8131-188489DC3A6F,Hyundai Creta 1.5 S,Hyundai,Creta,2021.0,Like new,4400000.0,,,,SUV / Jeep,True
https://hamrobazaar.com/detail/cars/hyundai-creta-e-in-ne-sh/5905E36C-E36A-B553-3C3F-92FE9A95ECEE,HYUNDAI CRETA E,Hyundai,Creta,2023.0,Like new,4450000.0,28000.0,Diesel,,Compact SUV,True
https://hamrobazaar.com/detail/cars/single-hand-hyundai-creta-s-sale-in-si-du/918E6720-EC55-FFAE-418E-7BCCAD4C488E,(Single-Hand) Hyundai Creta S For Sale,Hyundai,Creta,,Like new,4650000.0,,,,,True
https://hamrobazaar.com/detail/cars/hyundai-creta-sx-in-as-sh/077CE156-4915-A3D8-3B35-8EDE9D1E1B6F,Hyundai Creta Sx,Hyundai,Creta,2016.0,Like new,3450000.0,62000.0,Petrol,,Compact SUV,True
https://hamrobazaar.com/detail/cars/hyundai-creta-2016-sx-full-option-in-no-du/CE9D5CAF-D47D-418A-7F4C-15C40AEF50F0,Hyundai Creta 2016 Sx Full option,Hyundai,Creta,2015.0,Like new,3250000.0,5000.0,,,SUV / Jeep,True
https://hamrobazaar.com/detail/cars/hyundai-creta-sx-o-diesel-2016-in-ka-du/B58E1714-7B3C-1F06-666C-BFC26E20AA38,Hyundai Creta SX(O) Diesel – 2016,Hyundai,Creta,2016.0,Like new,3200000.0,70000.0,Diesel,,Compact SUV,True
https://hamrobazaar.com/detail/cars/hyundai-creta-sx-in-as-sh/449AFC7E-9A32-64AD-29E0-F04960195796,Hyundai Creta Sx,Hyundai,Creta,2016.0,Like new,3350000.0,62000.0,Petrol,,Compact SUV,True
https://hamrobazaar.com/detail/cars/suv-sale-2021-hyundai-creta-1-5-s-petrol-in-ka-sh/895529F0-E895-B1FB-BF50-000832E77F4F,"SUV FOR SALE-2021 HYUNDAI CRETA 1.5 ""S"" (Petrol)",Hyundai,Creta,2021.0,Like new,4425000.0,,,,,True
https://hamrobazaar.com/detail/cars/hyundai-creta-0-kms-only-single-hand-in-na-du/6D1ABB94-9B14-2FEC-FEDF-57D23E903343,"Hyundai Creta 2018 (39000 kms only, single hand)",Hyundai,Creta,2018.0,Like new,4000000.0,39000.0,petrol,,SUV / Jeep,True
https://hamrobazaar.com/detail/cars/2017-model-hyundai-creta-sxfulloption-in-ka-sh/C127EBA6-2324-9B09-BCB0-A16EF684FFEC,2017 model Hyundai Creta Sxfulloption,Hyundai,Creta,2017.0,Like new,3425000.0,56000.0,Petrol,Manual,SUV / Jeep,True
https://hamrobazaar.com/detail/cars/hyundai-creta-sx-2017-model-in-ka-sh/6AC4F72D-CB88-2954-16B7-F3CA77318CC3,Hyundai Creta SX 2017 Model,Hyundai,Creta,2017.0,Used,3550000.0,,,,Compact SUV,True
https://hamrobazaar.com/detail/cars/hyundai-creta-sale-in-tu-ur/141F9BA6-A7D2-91CA-B269-C83B071B5199,Hyundai Creta for SALE,Hyundai,Creta,2017.0,Used,3100000.0,,,,Compact SUV,True
https://hamrobazaar.com/detail/cars/hyundai-creta-sx-phone-number-in-po-ki/44E125FA-8EDB-40FD-AD27-8E9FFA8C1C99,Hyundai Creta SX+ Phone Number,Hyundai,Creta,2017.0,Like new,340000.0,,,,SUV / Jeep,True
https://hamrobazaar.com/detail/cars/hyundai-creta-e-model-2023-contact-in-xi-er/0418D8CB-A039-4CAF-A41D-A8F15F15C314,Hyundai Creta E Model 2023 Contact,Hyundai,Creta,2023.0,Like new,4675000.0,,,,Compact SUV,True
https://hamrobazaar.com/detail/cars/hyundai-venue-1-2s-in-ro-du/F1D718C1-F3EE-40F9-BC2D-BBFBFF39178F,Hyundai Venue 1.2S,Hyundai,Venue,2021.0,Like new,3350000.0,,,,SUV / Jeep,True
https://hamrobazaar.com/detail/cars/hyundai-venue-in-po-ki/84EF8F47-95EE-4030-81D1-D4DDEFC7CFE9,Hyundai venue,Hyundai,Venue,2021.0,Used,3250000.0,,,,Compact SUV,True
https://hamrobazaar.com/detail/cars/hyundai-venue-1-2-s-2021-model-in-ga-du/EBE39FD9-18EB-4723-818D-655467C44B09,Hyundai Venue 1.2 S 2021 Model,Hyundai,Venue,2021.0,Like new,3350000.0,,,,Compact SUV,True
https://hamrobazaar.com/detail/cars/hyundai-venue-s-1-2-2019-in-ti-du/84576059-EF39-4F2E-864F-2ACCFF0CEE2D,Hyundai Venue S 1.2 (2019),Hyundai,Venue,2019.0,Used,3200000.0,30500.0,,,SUV / Jeep,True
https://hamrobazaar.com/detail/cars/hyundai-venue-s-1-2-2019-in-sw-du/D9C832FF-B6C6-4080-BABB-64C2424D704B,HYUNDAI Venue S 1.2 ( 2019),Hyundai,Venue,2019.0,Like new,2850000.0,,,,,True
https://hamrobazaar.com/detail/cars/hyundai-venue-2020-1-2l-in-be-pa/DB98855A-EEF0-4383-90C5-B05262FD7C1C,Hyundai Venue 2020 1.2L.,Hyundai,Venue,2020.0,Like new,3100000.0,,,,Compact SUV,True
https://hamrobazaar.com/detail/cars/hyundai-venue-2019-1-2-54000km-in-ra-du/DFA1AD27-E952-4405-8653-C0CB7C31CBDF,Hyundai Venue 2019 1.2 54000km,Hyundai,Venue,2019.0,Like new,3000000.0,54000.0,,,SUV / Jeep,True
https://hamrobazaar.com/detail/cars/single-handed-hyundai-venue-e-2021-sale-in-ka-du/CDA7DDE9-BDDE-45F5-BC40-E715A9CF3920,Single handed Hyundai Venue E 2021 on sale,Hyundai,Venue,2021.0,Like new,2790000.0,51000.0,Petrol,,Compact SUV,True
https://hamrobazaar.com/detail/cars/hyundai-venue-1-2-s-2019-in-ba-ki/65861201-BB9E-4431-5141-8D993267C8E1,Hyundai Venue 1.2 S 2019,Hyundai,Venue,2019.0,Used,2700000.0,,,,Compact SUV,True
https://hamrobazaar.com/detail/cars/hyundai-verna-in-mi-du/7249648A-EAB1-4B6B-B0AC-F6AD3085618E,HYUNDAI VERNA,Hyundai,Verna,2014.0,Like new,1850000.0,,,,Sedan,True
https://hamrobazaar.com/detail/cars/hyundai-verna-2014-in-sh-du/CA4C5FC3-E9C4-4080-AB85-EF173F74DE08,Hyundai Verna 2014,Hyundai,Verna,2014.0,Used,1725000.0,,,,Sedan,True
https://hamrobazaar.com/detail/cars/hyundai-verna-sale-like-new-in-na-du/0A9DCF32-99D2-257E-7E41-FB6306B1501F,HYUNDAI VERNA ON SALE | LIKE NEW,Hyundai,Verna,2015.0,Like new,2290000.0,,PETROL,,Sedan,True
https://hamrobazaar.com/detail/cars/hyundai-verna-2015-model-urgent-sale-in-10-du/2FE68B92-A643-9077-1F60-19E570A76662,Hyundai Verna 2015 Model Urgent Sale,Hyundai,Verna,2015.0,Used,2150000.0,65000.0,,,Sedan,True
https://hamrobazaar.com/detail/cars/hyundai-verna-in-dh-ur/DAA6922B-A36C-DB1C-E79C-020BDEFFAFBC,Hyundai Verna,Hyundai,Verna,2012.0,Used,1600000.0,,,,Sedan,True
https://hamrobazaar.com/detail/cars/hyundai-tucson-2009-model-in-xi-er/9B6B88EC-3985-4720-9D8D-275113D8DAA1,Hyundai Tucson 2009 Model,Hyundai,Tucson,2009.0,Used,1185000.0,,diesel,,SUV / Jeep,True
https://hamrobazaar.com/detail/cars/hyundai-tucson-ix35-2010-salr-in-%E0%A4%B0%E0%A4%BE-hi/7BBCFD5E-6EDD-4FAF-9341-288544C5767C,HYUNDAI TUCSON IX35 2010 SALR,Hyundai,Tucson,2010.0,Used,2300000.0,,,,SUV / Jeep,True
https://hamrobazaar.com/detail/cars/hyundai-tucson-gls-2015-4wd-in-bi-ur/0D56C117-F9A8-4E31-91E2-EE2C5C7281BB,Hyundai Tucson GLS 2015 4WD,Hyundai,Tucson,2015.0,Like new,3275000.0,,Diesel,,SUV / Jeep,True
https://hamrobazaar.com/detail/cars/hyundai-tucson-sunroof-2009-in-sa-ur/7A3B2F26-CBF4-4317-A94F-22347CE758DE,HYUNDAI TUCSON WITH SUNROOF 2009,Hyundai,Tucson,,Like new,1550000.0,,,,Compact SUV,True
https://hamrobazaar.com/detail/cars/hyundai-tucson-2010-in-xi-er/7F9CF46F-2B76-47EA-98BD-7B2B1849954F,Hyundai Tucson 2010,Hyundai,Tucson,2010.0,Like new,2000000.0,67000.0,,,SUV / Jeep,True
https://hamrobazaar.com/detail/cars/hyundai-tucson-crdi-2010-in-da-du/D4A39334-D3FA-4726-B1C1-F25B3193FF60,HYUNDAI Tucson CRDi 2010,Hyundai,Tucson,2010.0,Used,2850000.0,40000.0,,manual,SUV / Jeep,True
https://hamrobazaar.com/detail/cars/hyundai-tucson-in-dh-ur/9FED6D15-EA6F-48F5-B7DC-63905E70C9B8,Hyundai Tucson,Hyundai,Tucson,2015.0,Used,5500000.0,,,,Mid Size Hatchback,True
https://hamrobazaar.com/detail/cars/hyundai-tucson-4wd-sunroof-in-si-du/2E7DF57B-8203-0A57-C274-F87FADC10D20,Hyundai Tucson 4WD Sunroof,Hyundai,Tucson,2008.0,Used,1450000.0,,,,SUV / Jeep,True
https://hamrobazaar.com/detail/cars/hyundai-tucson-2012-fully-loaded-automatic-in-ch-du/6B2C81ED-396E-227C-00AF-964BB2203726,Hyundai Tucson 2012 Fully Loaded Automatic,Hyundai,Tucson,2012.0,Like new,3600000.0,,Diesel,AT,SUV / Jeep,True
https://hamrobazaar.com/detail/cars/personal-car-hyundai-accent-2011-in-na-il/7B962FE7-5A89-400A-BD62-89234497DE46,Personal car hyundai accent 2011,Hyundai,Accent,2011.0,Like new,1125000.0,,electric,,Sedan,True
https://hamrobazaar.com/detail/cars/hyundai-accent-urgent-sell-in-ba-du/780CAF1F-A017-4FD4-94DE-CCA90DE5FB91,Hyundai accent urgent sell,Hyundai,Accent,,Used,885000.0,,,,,True
https://hamrobazaar.com/detail/cars/hyundai-eon-era-plus-in-su-ur/252D54A7-8721-4EF7-A693-5AA0542E87D6,HYUNDAI EON ERA PLUS,Hyundai,Eon,,Like new,1490000.0,,,,,True
https://hamrobazaar.com/detail/cars/single-hand-hyundai-best-family-car-eon-magna-1-0-in-sa-ur/3D2F4BBC-FEB9-4B76-AFCC-C1543844993D,SINGLE HAND HYUNDAI BEST FAMILY CAR EON MAGNA 1.0,Hyundai,Eon,2017.0,Like new,1399999.0,,Petrol,,Small Hatchback,True
https://hamrobazaar.com/detail/cars/hyundai-eon-cc-petrol-in-sp-du/68EEE514-F4A0-4FF5-8FDA-5DF4E45C8283,Hyundai Eon 2015 850cc Petrol,Hyundai,Eon,2015.0,Used,1300000.0,,Petrol,Manual,Mid Size Hatchback,True
https://hamrobazaar.com/detail/cars/hyundai-eon-d-light-in-ka-ki/53DC5665-BF5A-4294-81B6-CC39E3FA7A1F,Hyundai eon d-light,Hyundai,Eon,2013.0,Used,950000.0,,,,Small Hatchback,True
https://hamrobazaar.com/detail/cars/hyundai-eon-2016-silver-car-sale-in-ba-du/E67AC064-AC28-4F7E-9E46-07E02685658E,Hyundai EON 2016 Silver Car on Sale,Hyundai,Eon,2016.0,Like new,1385000.0,,,,Others,True
https://hamrobazaar.com/detail/cars/hyundai-eon-era-plus-2013-sale-in-bh-ur/02506FE9-D497-4253-8AE7-55D952567B21,Hyundai Eon Era plus 2013 For Sale,Hyundai,Eon,2013.0,Used,1050000.0,,,,Small Hatchback,True
https://hamrobazaar.com/detail/cars/hyundai-eon-era-plus-2012-urgent-sale-in-ka-du/85636307-6CEF-44AB-9BAC-BBD9668EA165,Hyundai eon era plus 2012 urgent sale,Hyundai,Eon,2012.0,Used,950000.0,,,,Small Hatchback,True
https://hamrobazaar.com/detail/cars/hyundai-eon-2012-urgent-sale-in-bh-ur/6DD6387E-B8D9-4793-B6A3-1DB4BD995ABD,Hyundai eon 2012 urgent sale,Hyundai,Eon,2012.0,Used,1000000.0,78000.0,,,Small Hatchback,True
https://hamrobazaar.com/detail/cars/hyundai-eon-era-in-ka-du/B4276AFB-BCDE-4318-826C-F5349D3CC6FC,Hyundai Eon era+,Hyundai,Eon,2012.0,Used,950000.0,,,,Small Hatchback,True
https://hamrobazaar.com/detail/cars/hyundai-eon-era-2012-model-in-th-du/E97D6450-5372-4197-A6BF-730F42747D65,Hyundai eon era 2012 model,Hyundai,Eon,2012.0,Like new,925000.0,,petrol,,Small Hatchback,True
https://hamrobazaar.com/detail/cars/hyundai-eon-era-plus-in-su-ur/119166E8-27B1-B51F-444D-9F970B49DD15,Hyundai Eon Era plus,Hyundai,Eon,2015.0,Like new,1150000.0,,,,Others,True
https://hamrobazaar.com/detail/cars/hyundai-eon-20214-model-in-ka-sh/709E1DBF-5C8A-F9C0-0B70-D0BC27A24CC9,Hyundai eon 20214 model,Hyundai,Eon,2014.0,Like new,1200000.0,11000.0,,,Small Hatchback,True
https://hamrobazaar.com/detail/cars/hyundai-getz-2009-model-sale-in-da-ur/585A8F21-A290-4A24-9B57-A75433BFA16C,hyundai getz ..2009 model on sale …,Hyundai,Getz,2009.0,Like new,969000.0,,,,Small Hatchback,True
https://hamrobazaar.com/detail/cars/hyundai-getz-2009-model-in-mr-ur/1CB25501-A5FB-46D1-BCF1-2CAAEB7E5C92,hyundai getz ..2009 model,Hyundai,Getz,2009.0,Like new,998000.0,,,,Mid Size Hatchback,True
https://hamrobazaar.com/detail/cars/hyundai-getz-2009-sale-in-pe-du/A4DF4CDF-5F7E-450C-9213-B27AE8910C4E,HYUNDAI GETZ 2009 ON SALE,Hyundai,Getz,2009.0,Like new,750000.0,,,,Small Hatchback,True
https://hamrobazaar.com/detail/cars/hyundai-getz-sale-in-ba-du/FCDA9785-5A48-4FE6-892B-A9A4203F116D,Hyundai Getz on sale,Hyundai,Getz,2005.0,Used,650000.0,,,,Small Hatchback,True
https://hamrobazaar.com/detail/cars/hyundai-getz-2008-silver-in-tr-ur/2DB880E0-B10B-457D-91FD-04BE9F9403A1,Hyundai Getz 2008 Silver,Hyundai,Getz,2008.0,Like new,924999.0,85000.0,petrol,,Small Hatchback,True
https://hamrobazaar.com/detail/cars/hyundai-getz-car-fir-sale-in-mu-du/094EC3EB-977E-A844-DAD4-2258D6FA3AEC,hyundai getz car fir sale,Hyundai,Getz,2009.0,Used,1100000.0,,,,Sedan,True
https://hamrobazaar.com/detail/cars/hyundai-getz-2009-model-in-bh-ur/9F59B206-8F9C-415A-8066-67EC4466BAF1,Hyundai getz 2009 model or,Hyundai,Getz,2009.0,Like new,967000.0,,,,,True
https://hamrobazaar.com/detail/cars/hyundai-getz-2009-model-in-bh-ur/ECC68CDE-13D8-4ADF-ACC7-8D355811903B,Hyundai getz 2009 model or,Hyundai,Getz,2009.0,Like new,950000.0,,,,Small Hatchback,True
https://hamrobazaar.com/detail/cars/hyundai-kona-gls-2021-in-si-du/F103098F-8337-4185-A489-5FED349F0FDC,Hyundai Kona GLS 2021,Hyundai,Kona,2021.0,Like new,3750000.0,61000.0,,,Compact SUV,True
https://hamrobazaar.com/detail/cars/hyundai-kona-2019-sale-in-xi-er/DBD8EDF7-B5C2-4C0B-8CBD-67E8651F6862,Hyundai Kona 2019 For Sale,Hyundai,Kona,2019.0,Like new,2850000.0,,Electric,,Compact SUV,True
https://hamrobazaar.com/detail/cars/hyundai-kona-gls-ev-sale-in-ka-du/2794E82B-94C2-F74E-E0B9-EF95A0B16BF5,Hyundai KONA GLS EV for Sale,Hyundai,Kona,2021.0,Like new,4200000.0,,EV,,SUV / Jeep,True
https://hamrobazaar.com/detail/cars/hyundai-kona-ev-urgent-sales-in-po-du/C9A15904-BF58-4E09-B66A-5C096A3B5C6D,HYUNDAI KONA EV urgent sales,Hyundai,Kona,2022.0,Like new,4200000.0,,EV,,Compact SUV,True
https://hamrobazaar.com/detail/cars/15k-km-running-suzuki-alto-k10-vxi-2018-sale-in-ka-du/419A6D08-6AC1-4B33-8D31-6773DF700A7D,15k Km Running Suzuki Alto K10 Vxi 2018 on sale,Suzuki,Alto,2018.0,Like new,1590000.0,15000.0,Petrol,,Small Hatchback,True
https://hamrobazaar.com/detail/cars/suzuki-alto-in-na-du/62E96711-D0C9-4385-86ED-6256E758A533,Suzuki alto,Suzuki,Alto,2019.0,Like new,1650000.0,,,,Small Hatchback,True
https://hamrobazaar.com/detail/cars/maruti-suzuki-alto-k10-2014-model-sale-in-xi-er/4AA642FD-01C0-42DA-B656-B09964FB7ACB,Maruti Suzuki Alto k10 2014 model sale,Suzuki,Alto,2014.0,Used,1075000.0,,,,Small Hatchback,True
https://hamrobazaar.com/detail/cars/maruti-suzuki-alto-1-1-in-ja-ha/9F6280FD-332A-46AD-9C03-F787C2726C45,maruti suzuki alto 1.1,Suzuki,Alto,2002.0,Used,675000.0,,,,Small Hatchback,True
https://hamrobazaar.com/detail/cars/alto-800-maruti-suzuki-2016-model-hatchback-onsale-in-sa-sh/6D432F00-766A-D46B-6AF3-7551EF0F1F2A,alto 800 maruti suzuki 2016 model hatchback onsale,Suzuki,Alto,2016.0,Used,1300000.0,,,,,True
https://hamrobazaar.com/detail/cars/ekdam-fresh-suzuki-swift-vxi-2015-%EF%B8%8F-in-ku-du/2BF4AB0A-42D3-4F41-BCE3-5FEB37A32704,ekdam fresh Suzuki Swift Vxi 2015 ☎️,Suzuki,Swift,2015.0,Like new,1750000.0,,,,Mid Size Hatchback,True
https://hamrobazaar.com/detail/cars/suzuki-swift-vxi-2016-private-use-well-maintain-in-la-ur/71CDA3C1-F99D-41ED-A333-199B2DD704D6,"Suzuki Swift VXI 2016 – Private Use, Well Maintain",Suzuki,Swift,2016.0,Used,1825000.0,,Electric,,Mid Size Hatchback,True
https://hamrobazaar.com/detail/cars/maruti-suzuki-swift-zxi-full-option-2019-model-in-ba-ok/4B82F795-A66F-499A-B2BF-46CD7DC40DFA,Maruti Suzuki swift ZXI....Full option 2019 model,Suzuki,Swift,2019.0,Used,2350000.0,,,,Mid Size Hatchback,True
https://hamrobazaar.com/detail/cars/suzuki-swift-2012-in-ni-ur/21F1F93D-A2BB-49F7-A28E-0BFFB6CEFD0F,SUZUKI SWIFT 2012,Suzuki,Swift,2012.0,Used,1499999.0,,,,Mid Size Hatchback,True
https://hamrobazaar.com/detail/cars/maruti-suzuki-swift-dizar-zxi-2019-model-sale-in-ha-ur/D5BD5445-8B0A-4FBF-9158-D9D467F048E5,maruti Suzuki swift dizar zxi 2019 model on sale,Suzuki,Dzire,2019.0,Like new,2450000.0,,,,Sedan,True
https://hamrobazaar.com/detail/cars/maruti-suzuki-swift-zxi-2013-model-sale-in-xi-er/14A670BD-CCB9-44D6-8BCD-C6235049495C,Maruti Suzuki Swift zxi 2013 model sale,Suzuki,Swift,2013.0,Used,1775000.0,,,,Mid Size Hatchback,True
https://hamrobazaar.com/detail/cars/maruti-suzuki-swift-zxi-2015-in-ba-ur/EFEA2948-6318-48F8-BEFF-175C3D611D8A,For sale Maruti Suzuki swift zxi 2015,Suzuki,Swift,2015.0,Like new,1875000.0,,,,Mid Size Hatchback,True
https://hamrobazaar.com/detail/cars/suzuki-swift-zxi-in-ku-du/ACA3C99B-CF82-4472-978E-2FB5279B9C19,Suzuki Swift ZXI,Suzuki,Swift,2019.0,Used,2650000.0,,,,Mid Size Hatchback,True
https://hamrobazaar.com/detail/cars/suzuki-swift-vxi-2008-in-ho-ur/DD37C9D0-8839-47A2-8768-F0F369EB467C,Suzuki Swift VXI 2008,Suzuki,Swift,2008.0,Used,1150000.0,,,,Small Hatchback,True
https://hamrobazaar.com/detail/cars/maruti-suzuki-swift-zxi-2015-in-ba-ur/EC9628B5-71BD-4A25-A603-57BED674969F,For sale Maruti Suzuki swift zxi 2015,Suzuki,Swift,2015.0,Like new,1875000.0,,,,Mid Size Hatchback,True
https://hamrobazaar.com/detail/cars/maruti-suzuki-swift-year2013-in-ta-du/5692D230-317B-414F-9052-CF13746CBC9E,MARUTI SUZUKI SWIFT Year2013,Suzuki,Swift,2013.0,Used,1750000.0,,,,Small Hatchback,True
https://hamrobazaar.com/detail/cars/suzuki-swift-dzire-in-ra-du/68712421-FEBF-476C-9779-108841189BAD,Suzuki Swift Dzire,Suzuki,Dzire,2010.0,Used,1250000.0,,,,Sedan,True
https://hamrobazaar.com/detail/cars/suzuki-swift-zxi-2014-full-option-sale-in-pe-du/0329E14B-2B9E-4C90-A17F-90F1F836778B,Suzuki Swift ZXI 2014 (Full Option) on Sale,Suzuki,Swift,2014.0,Used,1825000.0,,,,Mid Size Hatchback,True
https://hamrobazaar.com/detail/cars/suzuki-swift-dzire-2009-vxi-in-si-du/BBBD0811-84BC-4DD0-B0BA-6F23D45F5F2E,Suzuki Swift Dzire 2009 vxi,Suzuki,Dzire,2009.0,Used,975000.0,105000.0,Petrol,,Sedan,True
https://hamrobazaar.com/detail/cars/suzuki-swift-zxi-in-lo-du/8958CCE6-1E15-4ED4-B69E-657A0B3B625A,Suzuki swift zxi,Suzuki,Swift,2016.0,Like new,2125000.0,,,,Small Hatchback,True
https://hamrobazaar.com/detail/cars/suzuki-swift-2013-model-full-option-zxi-in-la-ur/D818147C-4177-4953-A8FB-27E8864E1B09,Suzuki swift 2013 model full option ZXI,Suzuki,Swift,2013.0,Like new,1700000.0,,,,Small Hatchback,True
https://hamrobazaar.com/detail/cars/suzuki-swift-vxi-2007-model-full-option-car-in-ci-du/40767375-8749-476F-BC16-C215F4FDE1C7,Suzuki Swift VXI 2007 model Full option car,Suzuki,Swift,2007.0,Like new,1025000.0,,,,Small Hatchback,True
https://hamrobazaar.com/detail/cars/2015-maruti-suzuki-swift-sale-in-da-sh/35CA2875-B6E2-48A7-B4B4-9627EFBB46E6,2015 Maruti Suzuki Swift on Sale!,Suzuki,Swift,2015.0,Used,1730000.0,,,,Mid Size Hatchback,True
https://hamrobazaar.com/detail/cars/maruti-suzuki-swift-zxi-in-bi-ng/106DD0A5-C332-4AD4-BB3A-272E68C617E6,Maruti suzuki swift zxi,Suzuki,Swift,2014.0,Used,1800000.0,,,,Mid Size Hatchback,True
https://hamrobazaar.com/detail/cars/suzuki-swift-2016-vxi-in-%E0%A4%AE%E0%A5%81-sh/DD985FE2-3A14-48CF-AF26-306C08230F2C,Suzuki swift 2016 vxi,Suzuki,Swift,2016.0,Used,1850000.0,,,,Mid Size Hatchback,True
https://hamrobazaar.com/detail/cars/suzuki-swift-sell-personal-use-car-in-xi-er/8DEEA20E-3A8D-416E-9228-17304FAA15E6,suzuki swift on sell personal use car,Suzuki,Swift,2006.0,Like new,950000.0,,,,Compact SUV,True
https://hamrobazaar.com/detail/cars/maruti-suzuki-swift-vxi-2016-in-sw-du/CEC13138-185E-46A0-8BC4-AFEC65472C17,Maruti Suzuki Swift VXI 2016,Suzuki,Swift,2016.0,Like new,1875000.0,,,,,True
https://hamrobazaar.com/detail/cars/maruti-suzuki-swift-vxi-fully-loaded-family-car-in-sa-ur/95F11209-B583-4BD2-9824-DDAE8807B535,MARUTI SUZUKI SWIFT VXI FULLY LOADED FAMILY CAR,Suzuki,Swift,,Like new,1499999.0,,,,,True
https://hamrobazaar.com/detail/cars/suzuki-swift-dzire-vxi-2010-urgent-sale-in-im-ur/75065522-230B-463D-A8B2-D91996A849F9,Suzuki Swift Dzire VXi 2010 - Urgent Sale,Suzuki,Dzire,2010.0,Like new,1200000.0,69000.0,,,Sedan,True
https://hamrobazaar.com/detail/cars/suzuki-swift-zxi-2021-in-ba-du/27E44274-9B0E-4527-AA3C-17C8D9E6B094,Suzuki Swift Zxi 2021,Suzuki,Swift,2021.0,Like new,2750000.0,,petrol,,Small Hatchback,True
https://hamrobazaar.com/detail/cars/suzuki-swift-zxi-2016-top-range-in-da-du/F7D53ABF-CA72-ACAA-DC7D-72749EBE3D1A,Suzuki Swift Zxi 2016 | TOP OF THE RANGE,Suzuki,Swift,2016.0,Used,2050000.0,115800.0,,automatic,Mid Size Hatchback,True
https://hamrobazaar.com/detail/cars/suzuki-swift-zxi-2020-in-kt-du/AE10BFDA-BC9B-4F6E-9ECF-CA10CB3C75B1,Suzuki Swift zxi 2020,Suzuki,Swift,,Like new,2500000.0,,,,Mid Size Hatchback,True
https://hamrobazaar.com/detail/cars/maruti-suzuki-swift-vxi-2007-model-87563-km-runnin-in-ba-du/19E50B95-7F79-6F8E-F8AF-DC9C4A0AB78F,"Maruti Suzuki Swift Vxi 2007 Model,87563 Km Runnin",Suzuki,Swift,2007.0,Used,1075000.0,87563.0,,,Mid Size Hatchback,True
https://hamrobazaar.com/detail/cars/suzuki-swift-sale-2018-model-in-ru-du/F3094D47-00D6-F92A-5DAC-2AE571790F61,suzuki swift on sale 2018 model,Suzuki,Swift,2018.0,Brand new,2150000.0,,,,,True
https://hamrobazaar.com/detail/cars/2010-suzuki-dzire-zxi-model-sell-in-bi-du/EAE16457-4F7A-4070-B5C8-B7A3FD58F29D,2010 Suzuki Dzire ZXI model for sell,Suzuki,Dzire,2010.0,Used,1300000.0,,,,Sedan,True
https://hamrobazaar.com/detail/cars/suzuki-dzire-in-ta-rg/79D2F9F3-CC82-4A36-AB32-BAD6553A0D11,Suzuki DZire,Suzuki,Dzire,2013.0,Used,1750000.0,44000.0,,,Sedan,True
https://hamrobazaar.com/detail/cars/car-model-2009-suzuki-dzire-in-j-du/AC013D72-B7FC-4B00-8F42-ED13761FB827,car model 2009 Suzuki Dzire,Suzuki,Dzire,2009.0,Like new,1385000.0,,,,Sedan,True
https://hamrobazaar.com/detail/cars/maruti-suzuki-wagon-r-vxi-full-option-2014-in-kh-ur/1E485971-31A2-40B2-8C3C-AC7AB847B286,Maruti Suzuki wagon R VXI full option 2014.,Suzuki,Wagon R,2014.0,Like new,1425000.0,,,,Small Hatchback,True
https://hamrobazaar.com/detail/cars/suzuki-wagon-r-vxi-single-hand-car-in-so-de/D94146C4-9C7F-4456-ABFD-E3734C5AFA60,SUZUKI WAGON R VXI SINGLE HAND CAR,Suzuki,Wagon R,2018.0,Like new,1675000.0,,,,Mid Size Hatchback,True
https://hamrobazaar.com/detail/cars/suzuki-wagon-r-vxi-single-hand-car-in-so-wk/B1155F10-EE24-40D3-8C3C-A88D4E2344CD,SUZUKI WAGON R VXI SINGLE HAND CAR,Suzuki,Wagon R,2020.0,Like new,2050000.0,,,,Mid Size Hatchback,True
https://hamrobazaar.com/detail/cars/maruti-suzuki-wagon-r-vxi-single-hand-full-option-in-so-de/27590096-1039-4C00-8FC0-9501351EBAAD,Maruti Suzuki wagon R VXI SINGLE HAND full option,Suzuki,Wagon R,2020.0,Like new,2050000.0,,,,Mid Size Hatchback,True
https://hamrobazaar.com/detail/cars/suzuki-wagon-r-2016-model-in-di-du/75B6F22C-B2A1-42AD-9B08-58A9B273D3DC,Suzuki Wagon R 2016 Model,Suzuki,Wagon R,2016.0,Used,1500000.0,49000.0,petrol,manual,Small Hatchback,True
https://hamrobazaar.com/detail/cars/urgent-sale-suzuki-wagon-r-full-option-2014-in-dh-ur/18600FDC-ABD3-4368-8CBD-EC60E6336A8C,Urgent Sale Suzuki Wagon R Full Option 2014,Suzuki,Wagon R,2014.0,Used,1425000.0,,,,Small Hatchback,True
https://hamrobazaar.com/detail/cars/suzuki-celerio-vxi-sale-in-pa-ur/301AD1C4-5E99-458B-8C5A-D59CC70F5C38,SUZUKI Celerio VXI for sale,Suzuki,Celerio,2018.0,Like new,1900000.0,,,,Small Hatchback,True
https://hamrobazaar.com/detail/cars/suzuki-celerio-zxi-in-de-hi/751805F2-D4E8-4145-8920-DE7E300538BB,Suzuki Celerio ZXI,Suzuki,Celerio,2019.0,Like new,2300000.0,,,,Sedan,True
https://hamrobazaar.com/detail/cars/maruti-suzuki-celerio-zxi-in-bu-hi/E66AB6AF-5152-4979-8DDF-A8743A9E9803,Maruti Suzuki celerio zxi+,Suzuki,Celerio,2022.0,Like new,2400000.0,,,,Compact SUV,True
https://hamrobazaar.com/detail/cars/suzuki-celerio-2017-vxi-in-xi-er/238738CC-D78F-4472-939E-A4053085943D,Suzuki celerio 2017 vxi,Suzuki,Celerio,2017.0,Like new,1750000.0,,,,,True
https://hamrobazaar.com/detail/cars/suzuki-celerio-vxi-sale-in-ka-du/C34E1D36-3C76-4F23-BB10-2CFA2BFAC687,Suzuki Celerio Vxi On Sale,Suzuki,Celerio,,Used,2000000.0,,,,,True
https://hamrobazaar.com/detail/cars/suzuki-celerio-vxi-2019-in-si-du/FF2E488C-198E-47A9-9CEF-A45C62ECEAFA,Suzuki Celerio VXI 2019,Suzuki,Celerio,2019.0,Like new,2100000.0,,,,Mid Size Hatchback,True
https://hamrobazaar.com/detail/cars/suzuki-celerio-in-go-ad/2278C30F-A68B-40EF-A95B-5F030755C74F,Suzuki Celerio,Suzuki,Celerio,2016.0,Used,1650000.0,,,,Mid Size Hatchback,True
https://hamrobazaar.com/detail/cars/suzuki-celerio-vxi-2016-model-in-ba-du/1E567C10-F770-4F49-8216-79F89DFC074E,SUZUKI CELERIO VXI 2016 MODEL,Suzuki,Celerio,2016.0,Like new,1675000.0,,,,Mid Size Hatchback,True
https://hamrobazaar.com/detail/cars/suzuki-celerio-automatic-in-ma-du/DA1FE5AF-BD5E-DBD0-2A63-0510C6AD94D6,Suzuki Celerio Automatic,Suzuki,Celerio,2019.0,Like new,2000000.0,,petrol,automatic,Others,True
https://hamrobazaar.com/detail/cars/maruti-suzuki-baleno-zeta-2016-in-ba-ng/F003DB9D-B590-4BDE-B26F-4C00D34A2FEC,Maruti Suzuki Baleno Zeta 2016,Suzuki,Baleno,2016.0,Used,1900000.0,,,,Mid Size Hatchback,True
https://hamrobazaar.com/detail/cars/single-hand-suzuki-baleno-delta-in-ha-ur/35F77DDF-1ED3-40B1-B4D9-186C0A2CBE70,Single Hand Suzuki Baleno Delta,Suzuki,Baleno,2016.0,Like new,1900000.0,,,,Mid Size Hatchback,True
https://hamrobazaar.com/detail/cars/suzuki-ertiga-zxi-7-seater-2012-dec-last-model-in-wa-ur/0A395196-C13B-4879-A699-E55CC34E7BC5,Suzuki Ertiga Zxi 7 Seater (2012 dec last model),Suzuki,Ertiga,2012.0,Like new,1750000.0,90000.0,,,Compact SUV,True
https://hamrobazaar.com/detail/cars/suzuki-brezza-zxi-automatic-in-ti-du/4CDBB96D-0968-48AB-B3F3-AACEE14F347F,Suzuki brezza zxi [Automatic],Suzuki,Brezza,,Used,4750000.0,,,,,True
https://hamrobazaar.com/detail/cars/selling-maruti-suzuki-grand-vitara-brezza-in-na-du/8CB0CD17-866C-46AA-8CAE-A1238062CB54,Selling Maruti Suzuki grand vitara Brezza,Suzuki,Brezza,,Used,2750000.0,,,,,True
https://hamrobazaar.com/detail/cars/suzuki-brezza-2016-model-zdi-in-ba-ak/8E109218-6C05-40B1-9A35-DFB110461926,Suzuki Brezza 2016 model zdi,Suzuki,Brezza,2016.0,Like new,2375000.0,,,,Compact SUV,True
https://hamrobazaar.com/detail/cars/suzuki-brezza-2017-zdi-suv-in-bh-ur/B7CA437C-AFD4-7C4E-89AC-F1D46B90E0C0,SUZUKI Brezza 2017 ZDI+ SUV,Suzuki,Brezza,2017.0,Like new,2500000.0,,,,,True
https://hamrobazaar.com/detail/cars/suzuki-brezza-in-hu-ur/F271F0EC-B311-8339-E337-4603D2B0A135,SUZUKI BREZZA,Suzuki,Brezza,2018.0,Used,2775000.0,,,,Compact SUV,True
https://hamrobazaar.com/detail/cars/maruti-suzuki-brezza-zdi-70k-km-run-in-la-al/BCBD0295-33D9-4F62-B12B-AB884ADFF0C9,Maruti Suzuki brezza zdi 70k km run,Suzuki,Brezza,2016.0,Like new,2300000.0,70000.0,,,Compact SUV,True
https://hamrobazaar.com/detail/cars/suzuki-grand-vitara-alhpa-4wd-dual-tone-2023-in-ma-hi/667A3568-42FD-486B-BD0A-A7B2FB9743D7,Suzuki Grand Vitara Alhpa 4WD Dual Tone 2023,Suzuki,Grand Vitara,2023.0,Like new,7200000.0,11900.0,Electric,,SUV / Jeep,True
https://hamrobazaar.com/detail/cars/suzuki-vitara-1996-4wd-good-condition-in-bh-ur/2224D20D-F2F5-4BE6-ADC7-ACA95F0C5292,Suzuki Vitara 1996 4WD - Good condition,Suzuki,Grand Vitara,1996.0,Used,790000.0,,Petrol,,SUV / Jeep,True
https://hamrobazaar.com/detail/cars/suzuki-vitara-4wd-3-door-1994-sale-exchange-in-ba-ur/96E8821F-2BA2-481B-B1A6-5CD8B6CFC517,Suzuki Vitara 4wd 3 door 1994 | For Sale Exchange,Suzuki,Grand Vitara,1994.0,Like new,1025000.0,39474.0,,,SUV / Jeep,True
https://hamrobazaar.com/detail/cars/suzuki-e-vitara-electric-brandnew-in-ba-du/EB3E5FD7-9022-410D-ABE7-9F96FC27D98A,suzuki e.vitara electric brandnew,Suzuki,Grand Vitara,2026.0,Brand new,5200000.0,,electric,,Compact SUV,True
https://hamrobazaar.com/detail/cars/maruti-suzuki-grand-vitara-2007-model-in-ka-sh/DC4F0E99-1677-BBF1-E158-43EBBB6D9C74,Maruti Suzuki Grand Vitara 2007 Model,Suzuki,Grand Vitara,2007.0,Used,1500000.0,,,,SUV / Jeep,True
https://hamrobazaar.com/detail/cars/suzuki-grand-vitara-sale-in-ra-du/5674C0BD-7CFB-6BE1-FC5F-366224B21510,Suzuki Grand vitara for sale,Suzuki,Grand Vitara,,Used,1300000.0,,,,,True
https://hamrobazaar.com/detail/cars/suzuki-grand-vitara-fully-fresh-good-condition-in-bi-du/2C27A3D7-5A15-4797-B00A-4D87FD00FD02,SUZUKI GRAND VITARA fully fresh good condition,Suzuki,Grand Vitara,2005.0,Used,1175000.0,,petrol,,SUV / Jeep,True
https://hamrobazaar.com/detail/cars/maruti-suzuki-ciaz-hybride-2021-model-in-%E0%A4%A4%E0%A4%BE-%E0%A4%A8%E0%A5%80/57060F03-6DD9-48C2-B636-34BCFC2DD4EE,Maruti suzuki ciaz hybride 2021 model,Suzuki,Ciaz,2021.0,Like new,2550000.0,,,,Sedan,True
https://hamrobazaar.com/detail/cars/suzuki-zen-estilo-vxi-2010-in-ku-du/41F7443D-A37F-4C5E-ABED-26F8A81D7585,Suzuki Zen Estilo (Vxi) 2010,Suzuki,Zen Estilo,2010.0,Used,975000.0,,,,Small Hatchback,True
https://hamrobazaar.com/detail/cars/maruti-suzuki-zen-estilo-vxi-2010-sell-in-ba-ur/A9A551D6-4384-42ED-B661-80FF9FB6A32C,Maruti Suzuki zen estilo VXI 2010 on sell,Suzuki,Zen Estilo,2010.0,Used,950000.0,94624.0,Petrol,,Small Hatchback,True
https://hamrobazaar.com/detail/cars/suzuki-zen-estilo-car-sale-in-ga-ur/78033C31-A800-41A6-90AA-0AB19269F566,Suzuki Zen Estilo Car for Sale,Suzuki,Zen Estilo,2007.0,Used,875000.0,,,,Small Hatchback,True
https://hamrobazaar.com/detail/cars/maruti-suzuki-zen-estilo-2010-tax-clearanc-ac-in-ku-ur/3F62F38B-321D-6F67-46F8-66A647E4C87A,Maruti Suzuki Zen Estilo 2010+ Tax clearanc+ AC,Suzuki,Zen Estilo,2010.0,Used,1000000.0,,Petrol,Manual,Small Hatchback,True
https://hamrobazaar.com/detail/cars/maruti-suzuki-868-in-sa-ur/492A0128-12C3-469E-9DAA-CA44AD4A5E3D,Maruti Suzuki 8008),Suzuki,800,,Like new,399999.0,,,,,True
https://hamrobazaar.com/detail/cars/fresh-maruti-800-in-si-ur/3872E84A-D67B-46F6-8F29-4D0D51F0413F,FRESH MARUTI 800,Suzuki,800,2003.0,Like new,399999.0,,,,Small Hatchback,True
https://hamrobazaar.com/detail/cars/maruti-800-deluxe-ac-rear-wiper-lcdtouchscren-in-ba-du/54D61E7C-816E-4E5C-0A9B-602CB75F67E6,"Maruti 800 Deluxe With Ac,rear Wiper,lcdtouchscren",Suzuki,800,1999.0,Used,350000.0,,,,Small Hatchback,True
https://hamrobazaar.com/detail/cars/toyota-yaris-in-ka-du/21849800-DEB2-46D1-A4B6-771019701E2B,Toyota Yaris,Toyota,Yaris,2007.0,Used,1300000.0,,,,Sedan,True
https://hamrobazaar.com/detail/cars/toyota-yaris-2007-model-in-ga-du/D1D1763C-9C3F-4718-99B3-9788C4C85300,Toyota Yaris 2007 Model,Toyota,Yaris,2007.0,Used,1150000.0,,,,,True
https://hamrobazaar.com/detail/cars/toyota-yaris-in-na-du/354DB9EF-DD57-461E-B270-A7944B4CCA7D,Toyota yaris,Toyota,Yaris,2007.0,Used,900000.0,,,,Sedan,True
https://hamrobazaar.com/detail/cars/toyota-yaris-2008-in-lo-du/E21DC4E2-3FC5-4926-B702-4073B0B79E53,Toyota Yaris 2008,Toyota,Yaris,2008.0,Like new,1125000.0,,,,Sedan,True
https://hamrobazaar.com/detail/cars/toyota-yaris-2008-model-urgent-sale-in-xi-er/B5CB4E11-C4B2-46A9-B285-1AD81D182F48,Toyota yaris 2008 model urgent sale,Toyota,Yaris,2008.0,Like new,899000.0,,,,Sedan,True
https://hamrobazaar.com/detail/cars/toyota-yaris-in-sa-ur/15C415DF-E53E-4F35-85B5-D59DE7D039AF,toyota yaris,Toyota,Yaris,2007.0,Used,900000.0,68000.0,,,Sedan,True
https://hamrobazaar.com/detail/cars/toyota-yaris-sale-in-ga-du/A2C01D47-BF73-4847-8E33-B64CBF532AD9,TOYOTA YARIS ON SALE !!!,Toyota,Yaris,2006.0,Used,1050000.0,,,,Sedan,True
https://hamrobazaar.com/detail/cars/toyota-yaris-in-na-du/C7BCCFC5-A38B-49C6-A686-FDCB73944EEB,Toyota yaris,Toyota,Yaris,2008.0,Like new,1075000.0,,,,Sedan,True
https://hamrobazaar.com/detail/cars/toyota-yaris-2007-model-sell-in-sa-ur/A49346FC-9CEC-4EEF-8F54-FB9A15270C44,Toyota yaris 2007 model on sell,Toyota,Yaris,2007.0,Like new,1000000.0,,,,Sedan,True
https://hamrobazaar.com/detail/cars/toyota-yaris-2010-model-in-ba-du/4BEB9147-B87D-424B-A8BD-BAF332B99179,toyota Yaris 2010 model,Toyota,Yaris,2010.0,Like new,1175000.0,,,,Sedan,True
https://hamrobazaar.com/detail/cars/toyota-yaris-in-ka-du/0F3F4428-0FD5-D8A4-513D-51AC04A785B7,Toyota yaris,Toyota,Yaris,2007.0,Used,900000.0,,,,Sedan,True
https://hamrobazaar.com/detail/cars/toyota-fortuner-automatic-2021-in-ba-du/83A2DA89-21D4-453C-AB22-35B823B24D9E,Toyota fortuner automatic 2021,Toyota,Fortuner,2021.0,Like new,22000000.0,,,automatic,SUV / Jeep,True
https://hamrobazaar.com/detail/cars/toyota-fortuner-2016-tbd-2-8-in-bu-du/35AE1F18-8676-4CF0-86B2-BFC6E40E97E6,Toyota Fortuner 2016- TBD 2.8,Toyota,Fortuner,2016.0,Used,8700000.0,,,,,True
https://hamrobazaar.com/detail/cars/toyota-fortuner-in-lo-ur/70A0476F-954E-455E-AC50-D2A8CA95249E,Toyota fortuner,Toyota,Fortuner,2014.0,Like new,7500000.0,,,,SUV / Jeep,True
https://hamrobazaar.com/detail/cars/toyota-fortuner-sale-in-im-ur/D898A855-01B1-48BF-8CC7-1D514616B491,Toyota Fortuner - For Sale,Toyota,Fortuner,2010.0,Used,5299999.0,,Diesel,,SUV / Jeep,True
https://hamrobazaar.com/detail/cars/toyota-fortuner-in-ne-du/7380C3B4-86EB-4A67-BC8C-0AB2DADBCEFB,Toyota Fortuner,Toyota,Fortuner,2020.0,Like new,13950000.0,63400.0,,,SUV / Jeep,True
https://hamrobazaar.com/detail/cars/toyota-fortuner-2020-in-ka-sh/5BED7DC6-D6AB-4389-A571-873D68317B0F,Toyota Fortuner 2020,Toyota,Fortuner,2020.0,Used,15000000.0,,,,SUV / Jeep,True
https://hamrobazaar.com/detail/cars/toyota-fortuner-3-0-2015-model-in-ka-sh/CFF95D3A-DF8F-17E8-FDB6-EE6135B47922,Toyota Fortuner 3.0 2015 Model,Toyota,Fortuner,2015.0,Brand new,8500000.0,,,,SUV / Jeep,True
https://hamrobazaar.com/detail/cars/toyota-fortuner-contact-in-xi-er/0EC9D9AC-2C65-4C36-B9AD-483DC447DDAC,Toyota Fortuner Contact,Toyota,Fortuner,2021.0,Like new,17700000.0,,,,SUV / Jeep,True
https://hamrobazaar.com/detail/cars/toyota-prado-2002-model-sale-in-bh-ur/ABA1CF83-BDAE-483F-9022-755E48929B6D,toyota prado ..2002 model on sale …,Toyota,Prado,2002.0,Like new,3499000.0,,,,SUV / Jeep,True
https://hamrobazaar.com/detail/cars/toyota-prado-tx-2019-special-edition-in-ba-ak/38198371-85F0-403A-A912-C34713AD75D8,Toyota Prado TX 2019 Special Edition,Toyota,Prado,2019.0,Like new,18500000.0,,,,,False
https://hamrobazaar.com/detail/cars/urgent-sale-toyota-prado-vx-2023-in-%E0%A4%95%E0%A4%BE-du/C893B50A-357B-451F-8C96-F93394740DBB,URGENT FOR SALE – TOYOTA PRADO VX 2023 FOR SALE,Toyota,Prado,2023.0,Used,30000000.0,,,,,False
https://hamrobazaar.com/detail/cars/toyota-land-cruiser-100-series-in-aa-du/DFC68911-6BD0-CB4B-0D77-4CE7460B0763,Toyota Land Cruiser 100 Series,Toyota,Land Cruiser,,Like new,5500000.0,,,,,False
https://hamrobazaar.com/detail/cars/toyota-land-cruiser-4wd-jeep-sale-in-lo-on/7894E38B-5BEF-B79D-BA4C-A9FD117810E6,Toyota land cruiser 4wd jeep sale,Toyota,Land Cruiser,,Brand new,1750000.0,,,,,False
https://hamrobazaar.com/detail/cars/toyota-land-cruiser-3-door-3l-engine-in-lo-on/DA1B47CD-6602-BB1A-9BB1-F9F9B9FA3FD5,Toyota Land cruiser 3 door 3L engine,Toyota,Land Cruiser,,Like new,3100000.0,,,,,False
https://hamrobazaar.com/detail/cars/toyota-rav4-in-%E0%A4%B6%E0%A5%8D-%E0%A4%BF%E0%A4%B0/FB75B6CC-2933-40F1-980F-F34C1F44AAF0,Toyota RAV4,Toyota,RAV4,,Like new,5500000.0,,,,,False
https://hamrobazaar.com/detail/cars/toyota-rav4-offroad-japanese-4wd-xuv-sale-in-xi-er/A3707289-A753-4A0F-A5E5-C0E591DA9DFE,Toyota Rav4 offroad japanese 4wd xuv sale,Toyota,RAV4,,Used,1650000.0,,,,,False
https://hamrobazaar.com/detail/cars/sale-toyota-rav4-hybird-2021-model-in-ol-du/078A66F1-AD0A-426C-9D25-2392F16C7851,on sale toyota rav4 hybird 2021 model,Toyota,RAV4,2021.0,Used,13200000.0,,,,,False
https://hamrobazaar.com/detail/cars/toyota-rav4-in-ka-tu/AF919C5B-D044-45D1-AEFB-1F1E87635BD3,Toyota Rav4,Toyota,RAV4,,Like new,270000.0,,,,,False
https://hamrobazaar.com/detail/cars/toyota-rav4-2002-4wd-in-ba-du/4FFD6190-8058-95AF-01D6-6D304BB7D054,Toyota RAV4 2002 4WD,Toyota,RAV4,2002.0,Used,1385000.0,,,,,False
https://hamrobazaar.com/detail/cars/toyota-rav4-2015-model-in-ka-sh/5E5F3078-93A3-BC9D-1FEC-3CAEA4CA2906,Toyota Rav4 2015 Model,Toyota,RAV4,2015.0,Used,6000000.0,,,,,False
https://hamrobazaar.com/detail/cars/toyota-hilux-4wd-pick-up-jeep-in-ha-ur/E9201A74-31E2-4D0D-89A4-1E1049B33570,TOYOTA HILUX 4WD PICK UP JEEP,Toyota,Hilux,,Like new,2850000.0,,,,,False
https://hamrobazaar.com/detail/cars/toyota-hilux-revo-2-8-2021-model-in-ko-du/B24FEC6B-DE4C-4757-8D4B-BA8BD04832B6,Toyota Hilux revo 2.8 2021 model,Toyota,Hilux,2021.0,Used,9000000.0,,,,,False
https://hamrobazaar.com/detail/cars/2021-toyota-hilux-2-8l-revo-in-ka-du/D3B95854-ECA5-4FE0-A767-0A3CF12600E3,2021 Toyota hilux 2.8l Revo,Toyota,Hilux,2021.0,Like new,9000000.0,,,,,False
https://hamrobazaar.com/detail/cars/toyota-hilux-2015-in-te-du/A6523BF6-777F-46D1-8824-4FA7025FD7F5,Toyota Hilux 2015,Toyota,Hilux,2015.0,Used,5200000.0,,,,,False
https://hamrobazaar.com/detail/cars/toyota-hilux-2021-sale-in-pa-ki/A887D8B4-B779-4AF6-A328-E8C6A642DBDC,Toyota HILUX 2021 for Sale !,Toyota,Hilux,2021.0,Like new,9500000.0,,,,,False
https://hamrobazaar.com/detail/cars/2012-kia-picanto-sale-in-kh-ur/60EFD7FE-F459-4FC3-87CB-26B361095BCC,2012 kia picanto sale,Kia,Picanto,2012.0,Used,1600000.0,,,,,False
https://hamrobazaar.com/detail/cars/kia-picanto-2008-single-hand-in-re-ur/C2808F07-9CBB-4ABB-A5D8-9F3C3528751F,KIA Picanto 2008 Single Hand,Kia,Picanto,2008.0,Used,850000.0,,,,,False
https://hamrobazaar.com/detail/cars/kia-picanto-in-im-ur/79B59992-0CF0-42B9-BFA8-B77BB00F12A0,Kia picanto,Kia,Picanto,,Used,1325000.0,,,,,False
https://hamrobazaar.com/detail/cars/kia-picanto-sale-in-ba-du/6DDC739A-7CC4-4E3C-9FCA-37017CC00C4A,KIA Picanto for Sale,Kia,Picanto,,Used,800000.0,,,,,False
https://hamrobazaar.com/detail/cars/kia-picanto-2011-in-dh-sh/3988C660-D9E8-4D68-9A97-29C70BF7EC57,Kia picanto 2011,Kia,Picanto,2011.0,Used,1070000.0,,,,,False
https://hamrobazaar.com/detail/cars/2010-model-kia-picanto-urgent-sale-in-pr-du/4760BA6B-DF87-49C0-B485-20045D74FBB7,"2010 model ,kia picanto,, urgent sale",Kia,Picanto,2010.0,Used,749000.0,,,,,False
https://hamrobazaar.com/detail/cars/kia-rio-luxurious-sedan-car-in-su-ur/29613E88-C661-4B18-89FF-739184CF3F5E,KIA RIO LUXURIOUS SEDAN CAR,Kia,Rio,,Like new,990000.0,,,,,False
https://hamrobazaar.com/detail/cars/kia-rio-2011-fresh-luxury-budget-sedan-sale-in-ka-an/587C1C3D-B471-41BE-83E7-632767E63A8A,Kia rio 2011 fresh luxury budget sedan for sale,Kia,Rio,2011.0,Used,899999.0,,,,,False
https://hamrobazaar.com/detail/cars/kia-rio-korean-in-ra-du/0E8EE9C6-027D-4A75-A6B9-B2AECC132E85,KIA RIO [ Korean],Kia,Rio,,Used,550000.0,,,,,False
https://hamrobazaar.com/detail/cars/kia-rio-2009-in-ba-du/F91EB032-CE2F-42EF-B004-79814E5863CC,Kia Rio 2009,Kia,Rio,2009.0,Like new,875000.0,,,,,False
https://hamrobazaar.com/detail/cars/2011-model-kia-rio-seden-car-sell-%EF%B8%8F-in-ka-us/2D35A0F1-A84C-42B9-840E-75A82B6A1820,2011 model Kia Rio seden car on sell ‼️‼️,Kia,Rio,2011.0,Used,950000.0,,,,,False
https://hamrobazaar.com/detail/cars/kia-sonet-htx-dsl-automatic-model-22-runs-23000-in-ba-du/4FA7A819-DABD-492C-ACD3-2D2AD38FB0E6,KIA Sonet HTX DSL Automatic |Model 22 |Runs: 23000,Kia,Sonet,,Like new,4550000.0,,,,,False
https://hamrobazaar.com/detail/cars/kia-sonet-hte-petrol-2021-in-a-du/15C71F5D-272A-4814-8F63-669DD18C82F6,Kia Sonet HTE petrol  2021,Kia,Sonet,2021.0,Used,2975000.0,,,,,False
https://hamrobazaar.com/detail/cars/singlehand-kia-sonet-2021-sunroof-in-so-ur/A9A49770-3238-4729-8C32-5E7172F79028,Singlehand Kia Sonet 2021 with Sunroof,Kia,Sonet,2021.0,Like new,3245000.0,,,,,False
https://hamrobazaar.com/detail/cars/kia-sonet-hte-2022-first-hand-in-gr-ur/73DAF38C-4DEA-4552-A51E-31E013E5E964,Kia Sonet | HTE | 2022 | First hand,Kia,Sonet,2022.0,Like new,3250505.0,,,,,False
https://hamrobazaar.com/detail/cars/kia-sonet-htx-2021-sun-rook-in-bh-du/1663E6D7-A215-4E52-9EED-BE7FDD0BB1BF,Kia Sonet Htx 2021 with Sun Rook,Kia,Sonet,2021.0,Used,3200000.0,,,,,False
https://hamrobazaar.com/detail/cars/kia-sonet-htx-2021-diesel-52000-km-in-ca-an/2142DCBC-9946-4EF4-B282-4BDB5D5FF353,kia sonet htx 2021 diesel 52000 km,Kia,Sonet,2021.0,Used,3200000.0,,,,,False
https://hamrobazaar.com/detail/cars/kia-sonet-2021-dr-car-12-lakh-banking-exchang-in-ca-du/E214DACE-70AE-4730-9F97-A920746DF6A7,Kia sonet 2021 dr car 12 lakh and banking exchang,Kia,Sonet,2021.0,Used,1200000.0,,,,,False
https://hamrobazaar.com/detail/cars/sasto-ma-kia-sonet-in-ba-du/837E3901-8814-4441-ACFB-091830F4D345,Sasto ma Kia sonet,Kia,Sonet,,Like new,3050000.0,,,,,False
https://hamrobazaar.com/detail/cars/kia-sonet-1200cc-2022-model-in-bh-du/DDA954E9-2093-40F9-BA1F-D18096F42B99,Kia Sonet 1200cc 2022 Model,Kia,Sonet,2022.0,Used,3050000.0,,,,,False
https://hamrobazaar.com/detail/cars/kia-sonet-htk-o-plus-2025-in-ho-du/D1DA2F2E-8DC4-B440-BB0A-FAB1E0331EFE,KIA Sonet HTK O Plus 2025,Kia,Sonet,2025.0,Like new,4600000.0,,,,,False
https://hamrobazaar.com/detail/cars/kia-sonet-hte-2020-single-hand-in-dh-ur/02B88F64-70A0-64A3-499D-6AA2F5904F0A,KIA Sonet HTE 2020 Single Hand,Kia,Sonet,2020.0,Used,2750000.0,,,,,False
https://hamrobazaar.com/detail/cars/kia-sonet-in-as-sh/9EECC4E1-CFF0-7CE9-2A78-0FC0272519FB,KIA SONET,Kia,Sonet,,Like new,3650000.0,,,,,False
https://hamrobazaar.com/detail/cars/kia-sportage-2008-in-xi-er/FCAD6942-5B41-4A16-A711-0BD8FED444C4,Kia Sportage 2008,Kia,Sportage,2008.0,Like new,1200000.0,,,,,False
https://hamrobazaar.com/detail/cars/kia-sportage-gt-line-sell-in-na-ur/7EAC9367-DC3B-446F-8AED-AFA69F8E6DFB,KIA Sportage GT line on sell,Kia,Sportage,,Like new,6900000.0,,,,,False
https://hamrobazaar.com/detail/cars/2016-kia-sportage-diesel-awd-prestine-condition-in-bu-du/E7133C2A-E2DC-42E3-B564-756F11E0B170,2016 Kia Sportage Diesel AWD in prestine condition,Kia,Sportage,2016.0,Used,4950000.0,,,,,False
https://hamrobazaar.com/detail/cars/kia-sportage-in-bo-du/4568ACF5-89BA-4ACC-949A-6F7CA0905EC6,Kia sportage,Kia,Sportage,,Like new,4400000.0,,,,,False
https://hamrobazaar.com/detail/cars/kia-sportage-2019-sale-in-n-du/213B9642-2447-9F88-3AD0-4F2B211D7016,🚗 Kia Sportage 2019 | For Sale,Kia,Sportage,2019.0,Used,4900000.0,,,,,False
https://hamrobazaar.com/detail/cars/kia-sportage-2019-petrol-2000-cc-in-ba-du/3800A422-1ED1-7403-4FD4-D551668A2A0F,Kia Sportage 2019 Petrol 2000 Cc,Kia,Sportage,2019.0,Like new,4500000.0,,,,,False
https://hamrobazaar.com/detail/cars/kia-sportage-gt-line-automatic-in-na-sh/20936B43-691D-6302-834B-0F824DAB220A,Kia Sportage GT Line Automatic,Kia,Sportage,,Used,5599000.0,,,,,False
https://hamrobazaar.com/detail/cars/kia-sportage-2008-model-2009-made-in-da-du/EC3CC750-47C6-2D02-7AA4-F2E33EBB78E3,"Kia Sportage 2008 model, 2009 made",Kia,Sportage,2008.0,Like new,1550000.0,,,,,False
https://hamrobazaar.com/detail/cars/tata-tiago-ev-xz-tech-lux-in-th-ur/E4531F0A-16B8-481F-A04C-A21A295E8C4A,Tata Tiago EV XZ+ Tech Lux,Tata,Tiago,,Like new,2400000.0,,,,,False
https://hamrobazaar.com/detail/cars/tata-tiago-ev-xz-tech-2024-in-ti-sh/6F0DD88A-EBBA-4D88-9CE6-C27D105F4CB6,Tata Tiago EV xz+tech 2024,Tata,Tiago,2024.0,Like new,2400000.0,,,,,False
https://hamrobazaar.com/detail/cars/tata-tiago-evlr-xz-tech-in-bo-ad/6FB9876B-1BFE-4C71-8E93-876D0D5B8E6B,TATA TIAGO EVLR XZ+ TECH,Tata,Tiago,,Like new,2500000.0,,,,,False
https://hamrobazaar.com/detail/cars/tata-tiago-2021-in-ma-du/8D384AF3-9161-4B2E-86DC-2DE335932106,Tata Tiago 2021,Tata,Tiago,2021.0,Like new,1500000.0,,,,,False
https://hamrobazaar.com/detail/cars/tata-tiago-ev-in-ku-ur/DD9294F3-849B-4176-8602-7FC11E61464B,Tata tiago ev,Tata,Tiago,,Like new,2450000.0,,,,,False
https://hamrobazaar.com/detail/cars/tata-tiago-car-in-lo-ur/D27247E0-9836-4FB6-A446-E68FD15A9C63,Tata tiago car,Tata,Tiago,,Used,1350000.0,,,,,False
https://hamrobazaar.com/detail/cars/tata-tiago-ev-xz-lux-single-hand-in-la-ur/A85ED1D2-0B78-92A6-2E74-EC8860E6BAB6,Tata tiago EV xz+Lux( Single Hand),Tata,Tiago,,Like new,2100000.0,,,,,False
https://hamrobazaar.com/detail/cars/tata-tiago-xm-in-lo-on/585C340F-ED94-0BA7-CC72-74E443EDB4C0,TATA TIAGO XM,Tata,Tiago,,Like new,1325000.0,,,,,False
https://hamrobazaar.com/detail/cars/tata-tiago-evlr-xz-tech-in-kh-sh/61626401-1E2A-286E-EFCB-5EC121A6B2CC,TATA TIAGO EVLR XZ+ TECH,Tata,Tiago,,Not working,2300000.0,,,,,False
https://hamrobazaar.com/detail/cars/tata-tiago-ev-xz-tech-long-range-%E0%A4%B8%E0%A5%8B%E0%A4%9D%E0%A5%88-%E0%A4%95%E0%A4%BE%E0%A4%B0-%E0%A4%A7%E0%A4%A8%E0%A5%80-in-ba-ur/BD064E98-38D9-48AC-A71E-E1214A009451,TATA TIAGO EV XZ+ TECH (LONG RANGE)  सोझै कार धनी,Tata,Tiago,,Like new,2250000.0,,,,,False
https://hamrobazaar.com/detail/cars/singlehand-2018-tata-nexon-60-finance-in-ka-ur/42FDB966-026D-4EFE-A0C9-A5D5274544A9,singlehand 2018 tata nexon 60% finance,Tata,Nexon,2018.0,Like new,2045000.0,,,,,False
https://hamrobazaar.com/detail/cars/tata-nexon-xz-petrol-2018-sale-in-pe-du/95D49B9C-0DFB-421E-A133-0CF02E889008,Tata Nexon XZ+ petrol 2018 For Sale,Tata,Nexon,2018.0,Like new,2395000.0,,,,,False
https://hamrobazaar.com/detail/cars/tata-nexon-ev-xz-lux-2023-53-000-km-second-own-in-ka-du/7534DD4B-D9DE-45D4-9408-F5A10EC07A0C,"Tata Nexon EV XZ+ Lux 2023 | 53,000 km| Second Own",Tata,Nexon EV,2023.0,Used,2950000.0,,,,,False
https://hamrobazaar.com/detail/cars/tata-nexon-xms-petrol-2021-model-sunroof-sale-in-ha-ur/1D688C7F-FC6A-424B-AA3A-A421E0CC9B12,Tata nexon xms petrol 2021 model sunroof on sale,Tata,Nexon,2021.0,Like new,2750000.0,,,,,False
https://hamrobazaar.com/detail/cars/2023-tata-nexon-ev-max-ventilation-seat-in-ka-du/B80DD00B-9E56-4C92-9494-2DFA2837A450,2023 Tata Nexon EV Max with Ventilation seat,Tata,Nexon EV,2023.0,Like new,2890000.0,,,,,False
https://hamrobazaar.com/detail/cars/tata-nexon-xz-petrol-dual-tone-perfect-condition-in-ba-du/4B33A16E-B9BF-42F0-A40C-89E878B54641,TATA NEXON XZ+ Petrol Dual Tone Perfect Condition,Tata,Nexon,,Like new,2495000.0,,,,,False
https://hamrobazaar.com/detail/cars/tata-nexon-xz-diesel-62-043-km-excellent-in-si-du/1BAF902F-03DE-4FCB-A224-4705B8B6F1CB,"Tata Nexon XZ+ Diesel , 62,043 KM, Excellent",Tata,Nexon,,Like new,2999999.0,,,,,False
https://hamrobazaar.com/detail/cars/tata-nexon-xe-2021-petrol-in-ne-li/C0DDB379-3B0D-426D-8D29-9AD6CC8DB789,Tata nexon xe 2021 petrol,Tata,Nexon,2021.0,Like new,2550000.0,,,,,False
https://hamrobazaar.com/detail/cars/suv-sunroof-nexon-tata-ev-in-na-ur/0FB64791-3BFF-44A4-B5BF-D895CA288370,Suv sunroof nexon tata ev,Tata,Nexon,,Used,2500000.0,,,,,False
https://hamrobazaar.com/detail/cars/tata-nexon-xz-2022-model-sunroof-sell-in-ba-ur/22076C26-2085-40F6-B8D7-9F2B05D64F26,Tata Nexon xz+ 2022 model with sunroof on sell,Tata,Nexon,2022.0,Like new,2550000.0,,,,,False
https://hamrobazaar.com/detail/cars/tata-nexon-ev-xz-2021-in-ka-du/D651B6E7-C393-408F-B8DA-F856934CF262,Tata Nexon EV XZ+ 2021,Tata,Nexon EV,2021.0,Used,2400000.0,,,,,False
https://hamrobazaar.com/detail/cars/tata-nexon-ev-lux-xz-2022-in-ba-du/62FAADDD-2DB6-0648-F27E-DA2D89B8480A,Tata Nexon Ev Lux Xz+ 2022,Tata,Nexon EV,2022.0,Like new,2850000.0,,,,,False
https://hamrobazaar.com/detail/cars/tata-nexon-ev-2022-in-ku-sh/AFF558C2-0A8A-32FE-071A-C8C8C66BD6A2,TATA NEXON EV 2022,Tata,Nexon EV,2022.0,Like new,2775000.0,,,,,False
https://hamrobazaar.com/detail/cars/tata-nexon-ex-xz-plux-lux-sunroof-2022-nov-in-ba-sh/1B00FBD5-E4EB-1979-B22F-A8AEC29C3880,TATA NEXON EX XZ PLUX LUX SUNROOF 2022 NOV,Tata,Nexon,2022.0,Like new,2775000.0,,,,,False
https://hamrobazaar.com/detail/cars/tata-nexon-in-gh-ur/BC0070FD-69B8-CD94-1166-870D31775393,Tata Nexon,Tata,Nexon,,Like new,2150000.0,,,,,False
https://hamrobazaar.com/detail/cars/nexon-tata-lux-dk-xz-in-ba-du/7554C0F2-94A3-3F24-0DFC-AA1FCCAC1156,Nexon Tata Lux Dk Xz+,Tata,Nexon,,Like new,3100000.0,,,,,False
https://hamrobazaar.com/detail/cars/tata-nexon-xz-16500-km-only-single-hand-used-in-ch-du/D94870D0-2405-4CE5-AEA4-6255A4E6808D,Tata Nexon XZ .16500 KM  only. Single hand used,Tata,Nexon,,Like new,3300000.0,,,,,False
https://hamrobazaar.com/detail/cars/good-running-condition-tata-indica-sale-in-dh-li/B675AFEF-AB78-4AAD-800D-486B2623A3DA,Good running condition Tata Indica on sale,Tata,Indica,,Used,700000.0,,,,,False
https://hamrobazaar.com/detail/cars/tata-indica-in-ci-ur/252184DD-3E64-4031-AEAB-D03735310CC5,tata indica,Tata,Indica,,Used,450000.0,,,,,False
https://hamrobazaar.com/detail/cars/single-owned-tata-indica-lx-sale-in-ba-ht/38FCF3B4-EA16-4C54-B5F0-49AF0CFADF81,Single owned Tata indica LX For Sale,Tata,Indica,,Used,900000.0,,,,,False
https://hamrobazaar.com/detail/cars/tata-indica-xeta-2007-petrol-car-sale-in-lo-ur/F9665EFC-B34C-F0AB-068A-203F5DAE2B3E,TATA INDICA Xeta 2007 petrol car on sale,Tata,Indica,2007.0,Used,450000.0,,,,,False
https://hamrobazaar.com/detail/cars/tata-indica-v94-in-ek-ur/EECD459F-7509-4593-9058-9F115AFDA2FB,Tata indica V2  9849 949894,Tata,Indica,,Like new,435000.0,,,,,False
https://hamrobazaar.com/detail/cars/tata-nano-2012-good-condition-in-th-du/C4AA4BAC-9BCD-4151-BADA-30CF66686B4C,TATA NANO 2012 good condition,Tata,Nano,2012.0,Used,350000.0,,,,,False
https://hamrobazaar.com/detail/cars/tata-tigor-xe-2021-model-petrol-engine-sale-ma-in-ko-sh/5953F233-584F-4891-B031-56F3540A83A2,Tata Tigor XE 2021 Model Petrol engine  sale ma,Tata,Tigor,2021.0,Brand new,1550000.0,,,,,False
https://hamrobazaar.com/detail/cars/tata-tigor-electric-sedan-in-sa-ur/40D9F728-938F-4751-AC0D-1F10DA9FC7DF,Tata Tigor Electric Sedan,Tata,Tigor,,Used,2100000.0,,,,,False
https://hamrobazaar.com/detail/cars/tata-tigor-ev-xz-2023-model-34k-km-single-hand-in-la-ur/8EB95D14-DA7A-4054-9763-83E944DDF6FA,TATA Tigor EV XZ+ 2023 Model (34K KM) Single Hand,Tata,Tigor,2023.0,Used,2250000.0,,,,,False
https://hamrobazaar.com/detail/cars/tata-tigor-in-ol-du/2D659524-604B-4B00-973E-CFD290A2F4BA,Tata Tigor,Tata,Tigor,,Used,1650000.0,,,,,False
https://hamrobazaar.com/detail/cars/tata-tigor-ev-2022-model-in-go-ha/A9150A95-761A-9C81-DAE5-F3735589DCB8,Tata Tigor EV - 2022 Model,Tata,Tigor,2022.0,Like new,2300000.0,,,,,False
https://hamrobazaar.com/detail/cars/tata-punch-ev-facelift-in-ka-du/86CDC0E0-1D96-4E7D-AD9E-B25F04160B48,Tata Punch Ev Facelift,Tata,Punch,,Like new,2700000.0,,,,,False
https://hamrobazaar.com/detail/cars/tata-safari-storme-4-4-2015-model-in-da-du/FFB533A1-3B73-43AE-B65D-7024CF61FA14,Tata safari storme 4×4 . 2015 model,Tata,Safari,2015.0,Used,1800000.0,,,,,False
https://hamrobazaar.com/detail/cars/tata-safari-ex-4-4-2010-in-ek-sh/D12F578F-0A21-4597-AB7F-0D957354E8DF,"TATA SAFARI EX 4×4, 2010",Tata,Safari,2010.0,Used,1095000.0,,,,,False
https://hamrobazaar.com/detail/cars/tata-sumo-gold-in-ka-sh/F8C228E7-BE4B-4A57-A76B-C2D13D7C82BF,Tata Sumo Gold,Tata,Sumo,,Like new,800000.0,,,,,False
https://hamrobazaar.com/detail/cars/tata-sumo-gold-sale-in-ka-pa/A65F6AE8-5AEF-576D-2916-F99F890CDA93,Tata Sumo Gold on Sale,Tata,Sumo,,Used,1299999.0,,,,,False
https://hamrobazaar.com/detail/cars/tata-sumo-2015-in-du-hu/45D31CC6-EB1C-8D18-1CE8-FD9FCBE2E23F,tata sumo 2015,Tata,Sumo,2015.0,Like new,1650000.0,,,,,False
https://hamrobazaar.com/detail/cars/tata-sumo-gold-urgent-sell-good-condition-in-bi-sh/C100C5B1-4DE8-4134-9A2A-E14A1201ED4E,Tata Sumo Gold  Urgent sell Good condition,Tata,Sumo,,Used,1100000.0,,,,,False
https://hamrobazaar.com/detail/cars/scorpio-lx-scorpio4wd-sale-mahindra-2-in-go-du/26BC01DB-C58F-1897-DEC6-2241FD879880,Scorpio Lx Scorpio  Scorpio4wd For Sale Mahindra 2,Mahindra,Scorpio,,Used,2250000.0,,,,,False
https://hamrobazaar.com/detail/cars/mahindra-scorpio-pickup-s10-4wd-2016-in-it-ri/D4CC9C5C-362B-460F-82B7-3ADCBF231B19,Mahindra Scorpio Pickup S10 4WD (2016),Mahindra,Scorpio,2016.0,Like new,3799999.0,,,,,False
https://hamrobazaar.com/detail/cars/2019-mahindra-scorpio-in-la-ur/BC3448F9-7A65-4F09-A647-71985C310429,2019 Mahindra Scorpio,Mahindra,Scorpio,2019.0,Like new,4700000.0,,,,,False
https://hamrobazaar.com/detail/cars/mahindra-scorpio-s10-in-ye-du/80B3E393-CDD4-4333-B2D4-B625366A57D6,Mahindra scorpio s10,Mahindra,Scorpio,,Like new,4650000.0,,,,,False
https://hamrobazaar.com/detail/cars/mahindra-scorpio-pickup-4-4-2017-model-in-tu-du/32DC9A11-F72E-4676-BA95-3F804B2E0DE6,Mahindra Scorpio Pickup 4×4 – 2017 Model,Mahindra,Scorpio,2017.0,Like new,2250000.0,,,,,False
https://hamrobazaar.com/detail/cars/mahindra-bolero-model-2021-double-cap-in-ka-du/ED4EEE3B-B1EB-4A73-8219-7057B3D5AF0D,Mahindra Bolero Model 2021 Double Cap,Mahindra,Bolero,2021.0,Used,2150000.0,,,,,False
https://hamrobazaar.com/detail/cars/mahindra-kuv-100-k8-in-bi-pa/1057B739-247F-48F7-85F1-366FCEBFE3B3,Mahindra KUV 100 K8,Mahindra,KUV100,,Used,1750000.0,,,,,False
https://hamrobazaar.com/detail/cars/mahindra-kuv-100-2016-model-car-35000km-only-in-a-sh/48D12A6D-BDD9-9CA3-644E-32EED4563DDE,Mahindra KUV 100 2016 model car 35000km only,Mahindra,KUV100,2016.0,Used,1250000.0,,,,,False
https://hamrobazaar.com/detail/cars/mahindra-thar-2017-single-handed-in-ku-du/EA03C205-0283-459E-92A2-83372F7490AA,Mahindra Thar 2017 Single handed,Mahindra,Thar,2017.0,Like new,2750000.0,,,,,False
https://hamrobazaar.com/detail/cars/mahindra-thar-2017-model-in-kh-sh/D999C24B-B20C-1159-11C6-B9F71BCC8FFF,Mahindra thar 2017 model,Mahindra,Thar,2017.0,Like new,3400000.0,,,,,False
https://hamrobazaar.com/detail/cars/mahindra-thar-2016-model-in-lo-on/6D2FDBF3-8C9D-0E6F-4569-342731E998D2,Mahindra Thar 2016 Model,Mahindra,Thar,2016.0,Used,2700000.0,,,,,False
https://hamrobazaar.com/detail/cars/mahindra-thar-2016-only-50k-km-vip-number-plate-in-du-%E3%83%B3%E3%82%B9%E3%82%99/078A286C-672F-C551-CCE3-2BB540D503E6,Mahindra Thar 2016. ONLY 50K KM. VIP NUMBER PLATE,Mahindra,Thar,2016.0,Used,3075000.0,,,,,False
https://hamrobazaar.com/detail/cars/mahindra-e2o-plus-p4-2020-in-ha-ur/33AE268D-4FCE-4696-9AFB-56A21BE64EA8,Mahindra e2o Plus p4 2020,Mahindra,e2o,2020.0,Like new,1000000.0,,,,,False
https://hamrobazaar.com/detail/cars/mahindra-e2o-p8-urgent-sale-90-km-mileage-in-sa-ur/1A77A114-50B7-47D9-84DC-7FE9B7CB0B31,Mahindra E2O - P8 is on Urgent Sale 90 Km Mileage,Mahindra,e2o,,Used,1180001.0,,,,,False
https://hamrobazaar.com/detail/cars/mahindra-e2o-plus-4-door-2019-in-sa-si/E9A412DF-2A5E-4560-9070-6C3740A6DFD6,Mahindra e2O plus 4 door 2019,Mahindra,e2o,2019.0,Used,1050000.0,,,,,False
https://hamrobazaar.com/detail/cars/mahindra-e2o-in-sa-ur/45F43C4D-7B2A-4874-82D6-983D8EF15931,Mahindra e2o,Mahindra,e2o,,Used,850000.0,,,,,False
https://hamrobazaar.com/detail/cars/mahindra-e2o-plus-p6-2019-model-sale-in-ja-sh/D8EBA846-18B1-B184-BED3-099934DCE8E9,MAHINDRA e2o PLUS P6 2019 model on sale,Mahindra,e2o,2019.0,Like new,1050000.0,,,,,False
https://hamrobazaar.com/detail/cars/honda-city-car-sale-urgent-special-price-in-ba-ht/0542CBB6-6088-493E-B10F-096CE7FCFD1B,Honda City Car Sale: Urgent and special price,Honda,City,,Used,1425000.0,,,,,False
https://hamrobazaar.com/detail/cars/honda-city-2022-in-dh-ur/FD562E0F-3796-4399-887C-E1C701BE96AE,Honda City 2022,Honda,City,2022.0,Like new,4500000.0,,,,,False
https://hamrobazaar.com/detail/cars/honda-city-in-oy-du/7732DABA-B866-4D69-8CD8-35BB57AFFBE5,Honda City,Honda,City,,Used,1600000.0,,,,,False
https://hamrobazaar.com/detail/cars/honda-city-1-5-2014-single-hand-lowkms-in-ty-ur/284B0832-F435-7298-C94A-D2B243C9116A,Honda City 1.5 2014 Single hand LowKms,Honda,City,2014.0,Like new,1775000.0,,,,,False
https://hamrobazaar.com/detail/cars/honda-city-2013-model-super-fresh-condition-in-xi-er/A1B55B57-F58A-401B-8B0F-6400C3609CC9,Honda City 2013    Model Super fresh condition,Honda,City,2013.0,Used,1475000.0,,,,,False
https://hamrobazaar.com/detail/cars/honda-jazz-vmt-2019-in-la-ur/C72ED172-25F5-6B10-5349-CE1AD909A7EF,Honda Jazz VMT 2019,Honda,Jazz,2019.0,Like new,2550000.0,,,,,False
https://hamrobazaar.com/detail/cars/honda-brio-2012-in-pe-ur/3D475437-70A8-44A4-9E2A-1F2BF07C8EF8,Honda Brio 2012,Honda,Brio,2012.0,Like new,1275000.0,,,,,False
https://hamrobazaar.com/detail/cars/honda-brio-in-la-ur/715C4445-DEFD-45FC-B747-F2E56BEBBD88,Honda brio,Honda,Brio,,Brand new,1245000.0,,,,,False
https://hamrobazaar.com/detail/cars/single-owner-honda-brio-2015-model-in-ja-du/FEA172D6-11C0-4529-85D6-2115FCEAEBD2,Single Owner Honda Brio 2015 model,Honda,Brio,2015.0,Used,1550000.0,,,,,False
https://hamrobazaar.com/detail/cars/barely-used-honda-amaze-16-000-kms-only-in-pu-du/AA3EC26D-E165-42AE-8CAE-4950D08D4766,"Barely Used Honda Amaze (16,000 Kms Only)",Honda,Amaze,,Like new,1700000.0,,,,,False
https://hamrobazaar.com/detail/cars/nissan-sunny-2013-model-in-si-ur/57FE8A91-9E3F-4162-AB79-F489956E3A06,Nissan sunny 2013 model,Nissan,Sunny,2013.0,Like new,1498000.0,,,,,False
https://hamrobazaar.com/detail/cars/nissan-sunny-2013-model-in-si-ur/48A79219-E724-413A-B66A-AEC4DF51B887,Nissan sunny 2013 model,Nissan,Sunny,2013.0,Like new,1400000.0,,,,,False
https://hamrobazaar.com/detail/cars/nissan-sunny-2013-model-sale-in-ha-ur/07C8BF8E-274B-4EF3-B26F-228DDBAE9391,nissan sunny ..2013 model on sale …,Nissan,Sunny,2013.0,Like new,1499000.0,,,,,False
https://hamrobazaar.com/detail/cars/nissan-sunny-in-ha-ur/D59CE6C6-CBDA-4DCF-8B3F-16250C78CB9A,NISSAN SUNNY,Nissan,Sunny,,Like new,1498000.0,,,,,False
https://hamrobazaar.com/detail/cars/nissan-super-sunny-salon-2008-in-si-du/C45AD2DA-A1F8-4B3D-9DE3-264519348B0F,nissan super sunny salon 2008,Nissan,Sunny,2008.0,Like new,820000.0,,,,,False
https://hamrobazaar.com/detail/cars/nissan-sunny-2015-model-in-ju-ur/6EC48435-3B6C-4DC6-977A-FCFF64D8B6E4,Nissan Sunny 2015 Model,Nissan,Sunny,2015.0,Like new,1700000.0,,,,,False
https://hamrobazaar.com/detail/cars/nissan-sunny-xv-2019-single-hand-in-re-ur/4E3336B4-B021-43C5-8C13-D975BC13DB34,Nissan Sunny XV 2019 single hand,Nissan,Sunny,2019.0,Like new,1675000.0,,,,,False
https://hamrobazaar.com/detail/cars/nissan-sunny-2013-model-in-bh-ur/A897C602-C63A-447E-90E3-04E45073D5A0,Nissan sunny 2013 model or,Nissan,Sunny,2013.0,Like new,1400000.0,,,,,False
https://hamrobazaar.com/detail/cars/nissan-micra-2017-in-pa-ur/A6752807-6332-497A-BCE5-07F840210E86,Nissan micra 2017,Nissan,Micra,2017.0,Like new,1450000.0,,,,,False
https://hamrobazaar.com/detail/cars/nissan-micra-2018-model-very-low-rate-ma-in-xi-er/AD16DBA4-D425-4E9B-A180-BD5E15EE20A9,Nissan micra 2018 model very low rate ma,Nissan,Micra,2018.0,Like new,1525000.0,,,,,False
https://hamrobazaar.com/detail/cars/nissan-micra-xv-2017-model-40000-genuine-km-in-ja-du/999D73FC-23E4-4D31-ABF3-EB5A6873ED79,"Nissan micra xv 2017 model,40000 Genuine km",Nissan,Micra,2017.0,Used,1475000.0,,,,,False
https://hamrobazaar.com/detail/cars/nissan-micra-sale-in-dh-ur/836951C3-ADD7-4662-994D-E7BFCABED1C2,nissan micra for sale,Nissan,Micra,,Used,270000.0,,,,,False
https://hamrobazaar.com/detail/cars/nissan-micra-active-2018-singlehand-lowkms-in-ty-ur/F64026A7-B12E-F1EF-4F21-728FCBD13E35,Nissan Micra Active 2018 SingleHand LowKms,Nissan,Micra,2018.0,Like new,1325000.0,,,,,False
https://hamrobazaar.com/detail/cars/nissan-x-trail-2002-in-ga-du/19CB1DDD-7F58-4DFE-A285-3C447CD9AF86,NISSAN X TRAIL 2002,Nissan,X-Trail,2002.0,Used,1350000.0,,,,,False
https://hamrobazaar.com/detail/cars/nissan-magnite-2021-model-in-ka-du/0AF9B9DD-4948-4931-8124-5BEF188D7D21,Nissan Magnite 2021 Model,Nissan,Magnite,2021.0,Used,2450000.0,,,,,False
https://hamrobazaar.com/detail/cars/singlehand-2022-nissan-magnite-60-finance-in-ka-ur/5D1764FC-A1BF-4ABD-A6B7-0B4513EBCE9A,singlehand 2022 nissan magnite 60% finance,Nissan,Magnite,2022.0,Like new,2490000.0,,,,,False
https://hamrobazaar.com/detail/cars/nissan-magnite-model-2022-urgent-sale-in-kh-ur/7D1BCC81-0FFA-4890-9619-78F319EB5ED3,Nissan Magnite Model 2022 Urgent Sale,Nissan,Magnite,2022.0,Used,2600000.0,,,,,False
https://hamrobazaar.com/detail/cars/nissan-magnite-2022-single-owner-23-000-km-run-in-si-du/3C534FDD-D96E-4BEB-AFE2-A6B151BF48B6,"Nissan Magnite 2022 Single Owner 23,000 Km run.",Nissan,Magnite,2022.0,Like new,2500000.0,,,,,False
https://hamrobazaar.com/detail/cars/nissan-magnite-2021-in-so-ur/D21564ED-2404-4EDC-9945-B5362528C468,Nissan Magnite 2021,Nissan,Magnite,2021.0,Like new,2399999.0,,,,,False
https://hamrobazaar.com/detail/cars/nissan-magnite-2022-gray-in-ka-du/FFD16BAB-5D83-4706-A76A-ED459B007DC0,Nissan Magnite 2022 Gray,Nissan,Magnite,2022.0,Like new,2800000.0,,,,,False
https://hamrobazaar.com/detail/cars/nissan-magnite-2022-in-ka-du/275DBFED-AD10-463C-8948-197D52A56A4C,Nissan magnite 2022,Nissan,Magnite,2022.0,Not working,2800000.0,,,,,False
https://hamrobazaar.com/detail/cars/nissan-magnite-turbo-xv-2021-model-push-button-in-ka-sh/A9D05564-6A76-E768-08A3-202A182814FF,Nissan Magnite Turbo XV 2021 Model (Push button),Nissan,Magnite,2021.0,Used,2650000.0,,,,,False
https://hamrobazaar.com/detail/cars/singlehand-2020-nissan-kicks-60-finance-in-ka-ur/8B74B881-F377-4604-A75E-9F7821A1245E,singlehand 2020 nissan kicks 60% finance,Nissan,Kicks,2020.0,Like new,2865000.0,,,,,False
https://hamrobazaar.com/detail/cars/nissan-kicks-2019-1st-owner-360-camera-full-option-in-ma-ur/43777501-02B3-43A7-A79D-6E496BC3AC1F,Nissan kicks 2019 1st owner 360°camera full option,Nissan,Kicks,2019.0,Used,2549000.0,,,,,False
https://hamrobazaar.com/detail/cars/nissan-kicks-xv-2020-sale-in-xi-er/319C8C1A-B8FC-4528-82C7-37F975C0FD83,Nissan Kicks Xv 2020 For Sale,Nissan,Kicks,2020.0,Used,2600000.0,,,,,False
https://hamrobazaar.com/detail/cars/nissan-kicks-sale-2020-single-handed-in-sa-ur/DA9E9AE0-3DDD-4B7A-9170-77408BD022B3,Nissan Kicks On Sale 2020 Single Handed,Nissan,Kicks,2020.0,Like new,2600000.0,,,,,False
https://hamrobazaar.com/detail/cars/nissan-kicks-2022-model-single-handed-fresh-car-in-23-sh/05ACCA57-0D5E-3637-8F16-8416B73AA461,Nissan kicks 2022 model single handed fresh car,Nissan,Kicks,2022.0,Like new,3200000.0,,,,,False
https://hamrobazaar.com/detail/cars/kicks-nissan-xv-premium-1500-cc-petrol-in-ba-du/22C6E17D-5854-2122-E758-674F24B0180C,Kicks Nissan Xv Premium 1500 Cc Petrol,Nissan,Kicks,,Like new,3700000.0,,,,,False
https://hamrobazaar.com/detail/cars/ford-ecosport-model-2014-in-ti-rg/37D810CA-63A3-4F3F-8C38-B9053858FD93,ford ecosport model 2014,Ford,EcoSport,2014.0,Used,1600000.0,,,,,False
https://hamrobazaar.com/detail/cars/ford-ecosport-2019-titanium-in-ac-du/E15EE6B3-B304-4486-9682-800EB4BCFB6A,ford ecosport 2019 titanium,Ford,EcoSport,2019.0,Used,2350000.0,,,,,False
https://hamrobazaar.com/detail/cars/ford-ecosport-car-sale-in-tr-du/198885A3-70C0-44A5-A803-38E3EDD92781,FORD ECOSPORT Car on Sale,Ford,EcoSport,,Like new,2450000.0,,,,,False
https://hamrobazaar.com/detail/cars/ford-ecosport-model-2014-in-ti-rg/F87752CD-27E5-4456-9B6F-1C66AA926AE7,ford ecosport model 2014,Ford,EcoSport,2014.0,Used,1600000.0,,,,,False
https://hamrobazaar.com/detail/cars/ford-ecosport-titanium-2018-in-an-sh/FB62E582-C9D0-47DB-ABCB-D489F77979CD,Ford Ecosport Titanium 2018,Ford,EcoSport,2018.0,Like new,2425000.0,,,,,False
https://hamrobazaar.com/detail/cars/ford-ecosport-titanium-2018-model-in-ga-du/59B80DD4-C164-4C06-8FBF-346764B6FCA2,Ford Ecosport Titanium 2018 Model,Ford,EcoSport,2018.0,Used,2425000.0,,,,,False
https://hamrobazaar.com/detail/cars/ford-ecosport-2016-titanium-sale-in-sa-du/9C913948-84E6-46CD-9AD1-D157EE065E81,Ford ecosport 2016 Titanium for sale,Ford,EcoSport,2016.0,Like new,2050000.0,,,,,False
https://hamrobazaar.com/detail/cars/ford-ecosport-single-hand-in-nu-du/106AC328-F256-403C-9CC2-AF9A1B604F74,ford EcoSport single hand,Ford,EcoSport,,Like new,2300000.0,,,,,False
https://hamrobazaar.com/detail/cars/ford-ecosport-trend-cc-petrol-in-ta-on/B5777CFF-C00C-44FD-BB57-2B1DB8786D18,Ford Ecosport trend 2013 1500 CC petrol,Ford,EcoSport,2013.0,Like new,1650000.0,,,,,False
https://hamrobazaar.com/detail/cars/ford-ecosport-titanium-2014-sale-in-xi-er/10E77B26-3035-4E3D-8F29-DE1558CDF400,Ford ecosport titanium 2014 for sale,Ford,EcoSport,2014.0,Like new,1699000.0,,,,,False
https://hamrobazaar.com/detail/cars/ford-ecosport-sale-in-ba-du/12B4AE1E-ECE9-4E6B-A220-A059899E3F10,Ford Ecosport on Sale,Ford,EcoSport,,Like new,1600000.0,,,,,False
https://hamrobazaar.com/detail/cars/ford-ecosport-trend-push-fully-fresh-condition-in-sa-ur/A7484198-474D-419E-A815-4315686A5141,FORD ECOSPORT TREND PUSH FULLY FRESH CONDITION,Ford,EcoSport,,Like new,2499999.0,,,,,False
https://hamrobazaar.com/detail/cars/single-hand-american-brand-ford-ecosport-trend-in-na-ur/728D7EF5-8ADA-4471-ABB0-922120E73052,SINGLE HAND AMERICAN BRAND FORD ECOSPORT TREND +,Ford,EcoSport,,Like new,1799999.0,,,,,False
https://hamrobazaar.com/detail/cars/ford-ecosport-titanium-2015-diesel-sale-in-ba-du/925B0158-FE3D-401D-B602-0F5D7AA751B4,Ford EcoSport Titanium 2015 Diesel for sale,Ford,EcoSport,2015.0,Used,1600000.0,,,,,False
https://hamrobazaar.com/detail/cars/ford-ecosport-2018-excellent-condition-in-ai-du/2D2284DD-065F-4115-B8C6-DEAF6946539D,Ford Ecosport 2018 in excellent condition,Ford,EcoSport,2018.0,Used,2300000.0,,,,,False
https://hamrobazaar.com/detail/cars/2017-ford-ecosport-trend-sale-in-ku-du/1E3EBBA4-95BD-4616-837F-019808EEDDAA,2017 FORD ECOSPORT TREND — FOR SALE 🔥,Ford,EcoSport,2017.0,Used,1850000.0,,,,,False
https://hamrobazaar.com/detail/cars/ford-ecosport-titanium-single-hand-2014-in-wa-ur/DE56752E-F3EE-49DC-9342-167754286B23,"FORD ECOSPORT TITANIUM ""SINGLE HAND"" (2014)",Ford,EcoSport,2014.0,Like new,1600000.0,,,,,False
https://hamrobazaar.com/detail/cars/ford-ecosport-trend-in-ne-sh/9A361001-4B59-B622-DD51-15775961F27D,FORD ECOSPORT TREND,Ford,EcoSport,,Like new,2350000.0,,,,,False
https://hamrobazaar.com/detail/cars/ford-ecosport-titanium-2013-single-hand-auto-gear-in-ty-ur/6CB539E9-D8A8-43AF-1078-E299FD485E22,Ford Ecosport Titanium+ 2013 Single Hand Auto Gear,Ford,EcoSport,2013.0,Used,1675000.0,,,,,False
https://hamrobazaar.com/detail/cars/ford-ecosport-trend-2016-excellent-condition-in-ty-ur/9D9B83D7-B895-CCA2-6A70-9CE6F77C2C25,Ford Ecosport Trend 2016 Excellent Condition,Ford,EcoSport,2016.0,Used,1775000.0,,,,,False
https://hamrobazaar.com/detail/cars/renault-kwid-rxto-amt-2020-auto-gear-in-la-du/693E35F6-7B2A-4B86-BC03-11A27A1E6918,Renault Kwid RXT'O' AMT 2020 AUTO GEAR,Renault,Kwid,2020.0,Like new,1450000.0,,,,,False
https://hamrobazaar.com/detail/cars/old-man-used-one-hand-renault-kwid-rxto-1-0-in-na-ur/ECDBA5DE-CE50-440A-A89C-56E05EDB71F2,OLD MAN USED ONE HAND RENAULT KWID RXT'O 1.0,Renault,Kwid,,Like new,1299999.0,,,,,False
https://hamrobazaar.com/detail/cars/renault-kwid-2018-model-car-sale-in-ne-ur/E89F0753-9E1B-437E-B014-89756670EBC4,RENAULT KWID 2018 MODEL CAR ON SALE,Renault,Kwid,2018.0,Used,1200000.0,,,,,False
https://hamrobazaar.com/detail/cars/renault-kwid-2016-model-in-ba-du/BD7F5F04-F04C-4E0A-A542-C4BEC43A9F91,Renault Kwid 2016 Model,Renault,Kwid,2016.0,Used,1150000.0,,,,,False
https://hamrobazaar.com/detail/cars/renault-kwid-rxt-2018-in-dh-ok/C5221F9E-AFA1-49E0-8F85-5A0D216210BD,Renault Kwid RXT 2018,Renault,Kwid,2018.0,Used,1450000.0,,,,,False
https://hamrobazaar.com/detail/cars/renault-kwid-urgent-sale-in-su-du/832518AD-C3BF-43C5-A470-78C61992D6ED,Renault Kwid on urgent sale,Renault,Kwid,,Like new,1100000.0,,,,,False
https://hamrobazaar.com/detail/cars/renault-kwid-in-lo-du/65DA3D7E-FBB4-426D-870D-37912FCB4BF3,Renault kwid,Renault,Kwid,,Like new,1025000.0,,,,,False
https://hamrobazaar.com/detail/cars/renault-duster-suv-in-ci-du/7C975482-E37A-40B1-90C8-1C5E5BFC1B6A,Renault Duster SUV,Renault,Duster,,Like new,2250000.0,,,,,False
https://hamrobazaar.com/detail/cars/renault-duster-1-5-sale-in-ma-ur/C2CFA35B-A8F0-4EA5-918D-C2CA1B1CC9F7,Renault Duster 1.5 for sale,Renault,Duster,,Used,1950000.0,,,,,False
https://hamrobazaar.com/detail/cars/sale-renault-duster-diesel-full-option-in-se-ur/75C24D79-9ACD-4610-8F15-A238484F0BA3,"Sale: Renault Duster Diesel, Full option.",Renault,Duster,,Used,2000000.0,,,,,False
https://hamrobazaar.com/detail/cars/renault-duster-rxz-auto-2016-model-sale-in-dn-du/94F6AEBF-199C-4796-94FD-A7B4969342B6,Renault Duster RXZ Auto 2016 model for sale,Renault,Duster,2016.0,Like new,2400000.0,,,,,False
https://hamrobazaar.com/detail/cars/renault-duster-rxz-plus-single-owner-4x4-wd-jeep-in-so-de/2368BC0C-6E60-4604-86FC-6B1F9C27FCDE,Renault Duster RXZ Plus Single Owner 4x4 WD Jeep,Renault,Duster,,Like new,2075000.0,,,,,False
https://hamrobazaar.com/detail/cars/renault-duster-in-na-sh/A48BB397-BAC5-4165-98F4-FF9097D4E97B,RENAULT DUSTER,Renault,Duster,,Used,1900000.0,,,,,False
https://hamrobazaar.com/detail/cars/renault-duster-rxs-sale-in-pu-ur/6541A9FC-333D-42CD-86F8-2914F5619052,Renault Duster RXS for sale,Renault,Duster,,Used,220000.0,,,,,False
https://hamrobazaar.com/detail/cars/volkswagen-polo-2013-in-ju-du/01A53CE6-4009-4363-A895-793EFAAF9A9F,Volkswagen Polo 2013,Volkswagen,Polo,2013.0,Like new,1100000.0,,,,,False
https://hamrobazaar.com/detail/cars/volkswagen-polo-2019-model-train-plus-sale-in-xi-er/77B90407-CFC7-4CBE-A241-2B01EC3ED915,Volkswagen Polo 2019 model train plus on sale,Volkswagen,Polo,2019.0,Like new,1950000.0,,,,,False
https://hamrobazaar.com/detail/cars/volkswagen-polo-1-2-comfortline-2012-in-%E0%A4%AC%E0%A4%B8-sh/997D04C3-0F25-49E3-B0F0-A52AC14D9990,Volkswagen Polo 1.2 Comfortline (2012),Volkswagen,Polo,2012.0,Like new,1175000.0,,,,,False
https://hamrobazaar.com/detail/cars/volkswagen-polo-1-2018-model-in-wa-ur/C72A6F30-EF06-455D-8E26-7EA694619696,Volkswagen Polo 1 (2018 model),Volkswagen,Polo,2018.0,Like new,1750000.0,,,,,False
https://hamrobazaar.com/detail/cars/volkswagen-polo-1-6-highline-2018-in-bi-ur/434BF93F-9CBF-4DAB-BED3-01ABCE10255A,Volkswagen Polo 1.6 highline 2018,Volkswagen,Polo,2018.0,Like new,2200000.0,,,,,False
https://hamrobazaar.com/detail/cars/volkswagen-polo-highline-1-6-2018-in-sa-du/16BABD3E-5B06-4783-B60E-D7B98FE68432,Volkswagen Polo Highline 1.6 2018,Volkswagen,Polo,2018.0,Like new,2300000.0,,,,,False
https://hamrobazaar.com/detail/cars/volkswagen-polo-g-1-0cl-20-09-2018-in-ku-du/EC716722-3BDD-4AEC-871D-1F0B87BD20D9,VOLKSWAGEN POLO (G) 1.0CL ( 20-09-2018),Volkswagen,Polo,2018.0,Used,2000000.0,,,,,False
https://hamrobazaar.com/detail/cars/volkswagen-cross-polo-1-6-2017-model-in-su-hi/5DC35717-E921-4824-8B59-6D7D7F954E98,Volkswagen Cross Polo 1.6 2017 Model,Volkswagen,Polo,2017.0,Like new,2000000.0,,,,,False
https://hamrobazaar.com/detail/cars/volkswagen-polo-highline-1-6-full-option-in-na-du/F2A8E127-AD0E-4BCA-BA82-648D4A037754,Volkswagen Polo Highline 1.6 full option,Volkswagen,Polo,,Used,1450000.0,,,,,False
https://hamrobazaar.com/detail/cars/volkswagen-polo-1-6-highline-perfect-condition-in-ph-ja/704E96F6-0F17-4C24-8D90-7E9A76F05527,volkswagen polo 1.6 highline perfect condition,Volkswagen,Polo,,Brand new,1750000.0,,,,,False
https://hamrobazaar.com/detail/cars/volkswagen-polo-1-6-highline-in-sh-du/F3CAA511-5C71-41D1-80BB-66D3EBDD917F,Volkswagen Polo 1.6 Highline,Volkswagen,Polo,,Like new,1375000.0,,,,,False
https://hamrobazaar.com/detail/cars/volkswagen-polo-in-bh-ur/3296207D-5047-4851-9D14-0DB28C539582,Volkswagen Polo,Volkswagen,Polo,,Like new,1499000.0,,,,,False
https://hamrobazaar.com/detail/cars/volkswagen-polo-1-2-comfortline-2013-in-ja-du/2F8B17F2-512F-4EC7-9222-09EE6F319633,Volkswagen Polo 1.2 Comfortline 2013,Volkswagen,Polo,2013.0,Used,1490000.0,,,,,False
https://hamrobazaar.com/detail/cars/volkswagen-polo-1-6-in-ka-du/BF822EB2-8C8A-4170-A4F7-FB983402D3C2,Volkswagen Polo 1.6,Volkswagen,Polo,,Like new,2200000.0,,,,,False
https://hamrobazaar.com/detail/cars/volkswagen-polo-gt-line-in-so-du/BE7BCDCF-84EF-1405-21F9-8C297E3BFC36,Volkswagen Polo GT Line,Volkswagen,Polo,,Used,2950000.0,,,,,False
https://hamrobazaar.com/detail/cars/volkswagen-vento-comfortline-1-6-in-ba-du/81833349-8B6F-466B-BFC9-FE71A77F6167,VOLKSWAGEN VENTO COMFORTLINE 1.6,Volkswagen,Vento,,Like new,1780000.0,,,,,False
https://hamrobazaar.com/detail/cars/skoda-rapid-autogear-1-6-petrol-2012-sale-exchange-in-ka-ur/44C1ABF3-157E-4EB2-8EF9-FF5374BE7911,Škoda Rapid Autogear 1.6 Petrol 2012 Sale Exchange,Skoda,Rapid,2012.0,Like new,1375000.0,,,,,False
https://hamrobazaar.com/detail/cars/skoda-rapid-ambition-in-ma-du/CA3B6BC2-F03C-4BCB-AA80-3D4D9924DBC6,Skoda Rapid ambition,Skoda,Rapid,,Like new,1649000.0,,,,,False
https://hamrobazaar.com/detail/cars/skoda-rapid-2015-in-di-du/14C7C1C8-8385-4B77-AD65-B508E5E1BA69,Skoda Rapid (2015),Skoda,Rapid,2015.0,Used,1450000.0,,,,,False
https://hamrobazaar.com/detail/cars/2021-skoda-rapid-excellent-well-maintained-in-pr-du/6B53211A-D903-41DC-84C1-9EF96BE1D32B,2021 Skoda Rapid-Excellent and well maintained.,Skoda,Rapid,2021.0,Like new,2460000.0,,,,,False
https://hamrobazaar.com/detail/cars/skoda-rapid-active-2017-in-xi-er/99B527B8-3FC4-4FF4-BAE0-D666BC08BBAC,Skoda Rapid Active 2017,Skoda,Rapid,2017.0,Used,1850000.0,,,,,False
https://hamrobazaar.com/detail/cars/mg-zs-ev-2021-in-ba-ok/6B608712-D4B0-4375-A315-FE7EF222E1B6,Mg zs ev 2021,MG,ZS EV,2021.0,Like new,3000000.0,,,,,False
https://hamrobazaar.com/detail/cars/brand-new-mg-zs-ev-sale-in-pk-du/33B66EBF-080E-4154-833C-42C3BC887545,Brand New MG ZS EV on Sale !,MG,ZS EV,,Like new,4000000.0,,,,,False
https://hamrobazaar.com/detail/cars/mg-zs-ev-2021-in-sa-ad/EC943C71-7F3C-44BF-A257-9EFE5B73517D,MG ZS EV 2021,MG,ZS EV,2021.0,Like new,2850000.0,,,,,False
https://hamrobazaar.com/detail/cars/mg-zs-ev-sale-in-dh-ng/DE459144-A947-1B85-5F3C-F153B5E35091,MG Zs Ev On Sale,MG,ZS EV,,Like new,3550000.0,,,,,False
https://hamrobazaar.com/detail/cars/byd-atto-3-superior-in-sh-li/2F050BF6-6227-476B-982E-3E715C830673,BYD Atto 3 Superior,BYD,Atto 3,,Used,5500000.0,,,,,False
https://hamrobazaar.com/detail/cars/byd-atto-3-superior-2024-model-in-te-du/46B0CAF5-349F-4E79-A0EB-0F6F0A38D041,BYD Atto 3 Superior 2024 Model,BYD,Atto 3,2024.0,Like new,5500000.0,,,,,False
https://hamrobazaar.com/detail/cars/byd-atto-3-in-ne-du/6784A825-D955-4B14-B57F-6158EE67E87E,BYD Atto 3,BYD,Atto 3,,Like new,4800000.0,,,,,False
https://hamrobazaar.com/detail/cars/byd-atto-3-superior-in-bo-du/91101BE9-02FB-499F-A8C1-259FA8F4262D,BYD ATTO 3 Superior,BYD,Atto 3,,Like new,5200000.0,,,,,False
https://hamrobazaar.com/detail/cars/byd-dolphin-2024-in-so-du/9321E04D-FD96-4A8E-9863-57D727B7419F,Byd dolphin 2024,BYD,Dolphin,2024.0,Used,3350000.0,,,,,False
https://hamrobazaar.com/detail/cars/byd-dolphin-2024-model-in-ga-du/FDCEA5F0-A723-48D4-AFC9-E2E3358F88FB,BYD Dolphin 2024 Model,BYD,Dolphin,2024.0,Like new,3350000.0,,,,,False
https://hamrobazaar.com/detail/cars/byd-dolphin-2024-in-la-ur/7D21790C-A5DF-4425-8384-8FDB54476EBE,BYD Dolphin 2024,BYD,Dolphin,2024.0,Brand new,3450000.0,,,,,False
https://hamrobazaar.com/detail/cars/byd-dolphin-2024-model-grey-in-ne-sa/AA436D89-B3AA-415E-A68C-72E85E756727,byd dolphin 2024 model grey,BYD,Dolphin,2024.0,Used,3100000.0,,,,,False
https://hamrobazaar.com/detail/cars/byd-dolphin-sale-in-go-du/3989543C-4A01-44C4-A747-48C10BDA06C2,BYD DOLPHIN ON SALE,BYD,Dolphin,,Used,3500000.0,,,,,False
https://hamrobazaar.com/detail/cars/2022-model-neta-v-ev-car-single-hand-in-ba-du/7829E86A-537B-4E95-A674-167D652C307A,2022 Model neta v ev car single hand,Neta,Neta V,2022.0,Like new,2050000.0,,,,,False
https://hamrobazaar.com/detail/cars/neta-v-rhd-2023-model-ev-21000-km-run-in-ja-du/8597A458-3942-45EB-8F6C-B6EEC89A9B72,"Neta v RHD 2023 model ev,21000 km run",Neta,Neta V,2023.0,Like new,2350000.0,,,,,False
https://hamrobazaar.com/detail/cars/neta-v-in-xi-er/D43F2F38-2821-42F9-A484-D5D9B9ED3D3E,Neta v,Neta,Neta V,,Like new,2400000.0,,,,,False
https://hamrobazaar.com/detail/cars/neta-v-in-ba-du/7A0BD726-FAA9-7559-2D23-CE6147D7525F,Neta V,Neta,Neta V,,Like new,2500000.0,,,,,False
https://hamrobazaar.com/detail/cars/neta-v-50-rhd-in-so-du/2305C451-B723-267B-4370-CBE2294FF771,Neta V-50 RHD,Neta,Neta V,,Used,2499000.0,,,,,False
https://hamrobazaar.com/detail/cars/nexon-ev-lux-plus-fully-loaded-sunroof-in-so-de/7FC11743-979B-4C7F-9EA7-E4A7A7AA820D,Nexon EV LUX plus Fully loaded with Sunroof,Tata,Nexon EV,,Like new,2800000.0,,,,,False
https://hamrobazaar.com/detail/cars/2023-nexon-ev-dark-edition-in-si-ur/CC55784D-62DE-45DC-BF20-E00BBBE3B98C,2023 Nexon Ev Dark Edition,Tata,Nexon EV,2023.0,Used,2850000.0,,,,,False
https://hamrobazaar.com/detail/cars/nexon-ev-in-xi-er/EC5EB014-B3F5-49B6-933E-1C3B47EB7BFA,NEXON EV,Tata,Nexon EV,,Like new,2600000.0,,,,,False
https://hamrobazaar.com/detail/cars/proton-wira-2005-in-na-du/FEAE907F-ACA5-4085-BBF8-4070103BFDE2,proton wira 2005,Proton,Proton,2005.0,Like new,590000.0,,,,,False
https://hamrobazaar.com/detail/cars/urgent-chevrolet-beat-sale-in-xi-er/793E409F-92F0-4036-A8C1-DF4E76686A3C,urgent Chevrolet Beat sale,Chevrolet,Beat,,Used,666666.0,,,,,False
https://hamrobazaar.com/detail/cars/chevrolet-beat-sale-in-xi-er/94E20942-271C-4076-85FE-7CA26325052F,chevrolet beat sale,Chevrolet,Beat,,Like new,649000.0,,,,,False
https://hamrobazaar.com/detail/cars/chevrolet-green-beat-ls-2012-model-good-condition-in-na-du/09DB1211-4A6A-6093-366F-469ABC5EC364,Chevrolet Green Beat LS 2012 Model Good Condition,Chevrolet,Beat,2012.0,Like new,750000.0,,,,,False
https://hamrobazaar.com/detail/cars/rare-1992-mitsubishi-pajero-3-door-sale-in-th-ur/9F0FDAF8-E004-4BD8-897F-7C82E35EBAD2,RARE 1992 MITSUBISHI PAJERO 3 DOOR IS ON SALE,Mitsubishi,Pajero,1992.0,Used,2000000.0,,,,,False
https://hamrobazaar.com/detail/cars/mitsubishi-pajero-sport-2016-sell-in-ga-du/4B8E7854-E444-4273-B6C2-665B89AECA9B,Mitsubishi Pajero Sport 2016 for sell.,Mitsubishi,Pajero,2016.0,Like new,9500000.0,,,,,False
https://hamrobazaar.com/detail/cars/mitsubishi-pajero-sell-in-sa-du/C11E1D43-ED78-4F18-AFD0-5F6CC8F02B89,Mitsubishi Pajero For Sell,Mitsubishi,Pajero,,Used,10000000.0,,,,,False
https://hamrobazaar.com/detail/cars/mitsubishi-pajero-v46-2008-in-jw-ur/02F000DC-DFA7-1253-AB28-A72E05D2AFE1,Mitsubishi Pajero V46 2008,Mitsubishi,Pajero,2008.0,Like new,2600000.0,,,,,False
https://hamrobazaar.com/detail/cars/mitsubishi-pajero-exceed-3-door-2018-in-ka-sh/96910A2F-43E9-2C74-B4EB-CEBAD0BFB9D7,Mitsubishi Pajero Exceed 3 door 2018,Mitsubishi,Pajero,2018.0,Used,11500000.0,,,,,False
https://hamrobazaar.com/detail/cars/mitsubishi-pajero-sports-2017-in-ka-sh/17C4160D-3086-7763-2741-4A24687B0DE9,Mitsubishi Pajero Sports 2017,Mitsubishi,Pajero,2017.0,Used,9500000.0,,,,,False
https://hamrobazaar.com/detail/cars/mitsubishi-pajero-3-door-1997-in-lo-on/943344DA-A704-AC2A-16AD-875534847300,Mitsubishi Pajero 3 Door 1997,Mitsubishi,Pajero,1997.0,Used,2500000.0,,,,,False
https://hamrobazaar.com/detail/cars/well-maintained-datsun-redi-go-attractive-price-in-ch-ur/CD14EE3D-6E6A-4D32-BF49-E44CF09DD806,Well-Maintained Datsun Redi-Go @ Attractive Price,Datsun,Redi-GO,,Used,800000.0,,,,,False
https://hamrobazaar.com/detail/cars/datsun-redi-go-1000cc-in-su-ur/28A4E427-6274-4573-A836-CA30A0D749D8,Datsun Redi Go 1000cc,Datsun,Redi-GO,,Used,1325000.0,,,,,False
https://hamrobazaar.com/detail/cars/datsun-redi-go-2016-fresh-condition-in-th-ur/87EBFE26-5FC3-4806-9910-6929FC8035B8,Datsun redi go 2016 in fresh condition,Datsun,Redi-GO,2016.0,Used,800000.0,,,,,False
https://hamrobazaar.com/detail/cars/datsun-redi-go-2016-model-sale-in-lo-ur/00CB2926-CA57-4C0D-B42C-5AF57285BFEC,Datsun Redi-Go 2016 Model For Sale,Datsun,Redi-GO,2016.0,Used,875000.0,,,,,False
https://hamrobazaar.com/detail/cars/datsun-redi-go-2022-excellent-condition-sale-in-ka-du/A0B9A577-01CF-126D-B4CF-CD1FCDADEA0E,Datsun Redi Go 2022 Excellent condition On Sale,Datsun,Redi-GO,2022.0,Like new,1650000.0,,,,,False
https://hamrobazaar.com/detail/cars/datsun-go-2019-in-xi-er/8B7E2AB9-11B2-40C5-A34D-7B0DF8D22B11,Datsun go 2019,Datsun,GO,2019.0,Like new,1350000.0,,,,,False
https://hamrobazaar.com/detail/cars/datsun-go-plus-7-seater-in-ka-re/34A9C0DB-950B-4C5B-82B4-4D7B150B4638,Datsun go plus 7 seater,Datsun,GO,,Used,1150000.0,,,,,False
https://hamrobazaar.com/detail/cars/datsun-go-plus-in-ni-ur/7CAEEE0B-8814-449D-B4A7-B8552D1EEE5C,Datsun Go Plus,Datsun,GO,,Like new,1200000.0,,,,,False
https://hamrobazaar.com/detail/cars/datsun-ready-go-516072-in-su-du/92F5081E-7624-0FA1-A6D0-98F13D88238C,Datsun ready to go 2016,Datsun,GO,2016.0,Like new,975000.0,,,,,False
https://hamrobazaar.com/detail/cars/2017-datsun-go-1200cc-singlehand-sale-exnge60-loan-in-ba-du/C9B579D2-DB0A-5CA5-4FAC-3832639E13D8,"2017 Datsun Go 1200cc singlehand Sale,exnge60%loan",Datsun,GO,2017.0,Like new,1190000.0,,,,,False
https://hamrobazaar.com/detail/cars/jeep-compass-sport-in-n-an/973B4449-BA6B-4D24-86D0-79B354DD9615,Jeep Compass Sport+,Jeep,Compass,,Like new,5000000.0,,,,,False
https://hamrobazaar.com/detail/cars/jeep-compass-limited-plus-diesel-4x4-2019-in-kh-du/56BC4802-C3B9-4960-AFAF-9F012257214B,Jeep compass limited plus diesel 4x4 2019,Jeep,Compass,2019.0,Like new,5999999.0,,,,,False
https://hamrobazaar.com/detail/cars/jeep-compass-limited-2018-model-in-hi-du/A019FBF1-2223-4B69-B68D-E9C20EAB8C05,Jeep compass limited 2018 model,Jeep,Compass,2018.0,Like new,4695000.0,,,,,False
https://hamrobazaar.com/detail/cars/2019-jeep-compass-limited-plus-2-0-diese-in-sa-du/D8BCD1E9-BD7E-48CF-B3E2-FD95285763E7,2019 Jeep Compass Limited Plus 2.0 Diese,Jeep,Compass,2019.0,Like new,6850000.0,,,,,False
https://hamrobazaar.com/detail/cars/jeep-compass-sports-plus-in-bu-du/299C0F01-637E-4163-9C5B-6F0A54EBEFF3,Jeep Compass Sports Plus,Jeep,Compass,,Like new,4850000.0,,,,,False
https://hamrobazaar.com/detail/cars/2021-jeep-compass-limited-2022purchased-25-000km-in-ne-du/4510CCC8-42EA-48C9-9B33-EF6B289B593C,"2021 Jeep Compass Limited, 2022purchased, 25,000km",Jeep,Compass,2021.0,Like new,7800000.0,,,,,False
https://hamrobazaar.com/detail/cars/haval-jolion-in-ut-du/D3484903-3543-4318-B978-2EB1692E30DC,HAVAL JOLION,Haval,Haval,,Like new,4400000.0,,,,,False
https://hamrobazaar.com/detail/cars/dongfeng-nammi-e3-in-aa-ol/ABA430FC-2DB1-4F22-B8E5-9B21BF96A882,Dongfeng nammi e3,Dongfeng,Dongfeng,,Used,2850000.0,,,,,False
https://hamrobazaar.com/detail/cars/wuling-air-ev-300km-range-in-bh-ur/2ECCE85C-A36F-4CBC-9146-A7E997F272DE,Wuling Air EV (300km Range),Wuling,Wuling,,Used,1800000.0,,,,,False
